y_true,y_pred
1,1
1,1
1,17
1,1
1,1
1,1
1,1
1,1
1,1
1,1
1,1
1,1
1,1
1,17
1,1
1,1
1,10
1,13
1,1
1,1
1,1
1,7
1,1
1,1
1,1
1,1
1,1
1,1
1,1
1,1
1,1
1,1
1,1
1,1
1,8
1,1
1,1
1,1
1,1
1,1
1,1
1,1
1,1
1,1
1,1
1,1
1,17
1,1
1,1
1,1
1,1
1,1
1,1
1,1
1,1
1,1
1,1
1,1
1,1
1,14
1,1
1,1
1,1
1,1
1,1
1,1
1,1
1,1
1,1
1,1
1,7
1,1
1,1
1,13
1,1
1,1
1,1
1,7
1,1
1,1
1,1
1,1
1,17
1,15
1,1
1,1
1,1
1,1
1,17
1,20
1,1
1,1
1,1
1,1
1,1
1,1
1,1
1,1
1,1
1,1
1,1
1,1
1,1
1,14
1,1
1,1
1,1
1,1
1,7
1,1
1,1
1,1
1,14
1,1
1,1
1,17
1,1
1,1
1,14
1,20
1,1
1,1
1,1
1,1
1,1
1,1
1,1
1,1
1,1
1,4
1,17
1,1
1,1
1,1
1,1
1,1
1,1
1,1
1,1
1,1
1,1
1,1
1,1
1,1
1,1
1,1
1,1
1,17
1,1
1,1
1,1
1,1
1,1
1,1
1,1
1,17
1,1
1,1
1,1
1,1
1,1
1,23
1,1
1,1
1,1
1,2
1,1
1,1
1,1
1,17
1,1
1,1
1,1
1,1
1,1
1,1
1,3
1,1
1,1
1,1
1,1
1,14
1,1
1,1
1,1
1,1
1,15
1,1
1,1
1,1
1,17
1,15
1,17
1,1
1,1
1,1
1,1
1,1
1,20
1,1
1,1
1,1
1,1
1,8
1,1
1,1
1,1
1,7
1,1
1,1
1,1
1,1
1,3
1,1
1,1
1,1
1,1
1,1
1,1
1,1
1,1
1,1
1,17
1,1
1,1
1,1
1,7
1,1
1,1
1,1
1,1
1,26
1,1
1,1
1,1
1,1
1,1
1,1
1,1
1,1
1,1
1,14
1,1
1,1
1,1
1,1
1,1
1,1
1,1
1,1
1,1
1,26
1,1
1,1
1,1
1,1
1,1
1,1
1,1
1,17
1,1
1,1
1,1
1,1
1,1
1,1
1,1
1,1
1,5
1,1
1,1
1,1
1,1
1,1
1,18
1,1
1,1
1,1
1,1
1,1
1,9
1,1
1,1
1,1
1,1
1,1
1,1
1,1
1,1
1,13
1,1
1,1
1,1
1,1
1,8
1,1
1,1
1,1
1,1
1,7
1,1
1,1
1,14
1,2
1,1
1,1
1,18
1,1
1,1
1,1
1,1
1,1
1,1
1,17
1,1
1,1
1,1
1,1
1,1
1,17
1,1
1,1
1,1
1,1
1,8
1,1
1,1
1,1
1,1
1,1
1,1
1,1
1,1
1,1
1,1
1,1
1,17
1,1
1,1
1,1
1,1
1,1
1,1
1,1
1,1
1,1
1,1
1,1
1,1
1,1
1,1
1,1
1,14
1,1
1,1
1,1
1,1
1,1
1,1
1,1
1,1
1,1
1,1
1,17
1,8
1,1
1,1
1,1
1,1
1,1
1,1
1,17
1,1
1,1
1,17
1,1
1,1
1,1
1,1
1,1
1,1
1,1
1,1
1,1
1,7
1,1
1,1
1,1
1,1
1,4
1,1
1,1
1,1
1,17
1,23
1,26
1,17
1,1
1,15
1,1
1,1
1,1
1,1
1,21
1,1
1,1
1,1
1,1
1,1
1,1
1,1
1,1
1,5
1,26
1,1
1,1
1,1
1,1
1,1
1,17
1,1
1,1
1,1
1,1
1,1
1,1
1,1
1,1
1,1
1,1
1,1
1,1
1,13
1,1
1,1
1,1
1,1
1,1
1,1
1,1
1,17
1,15
1,1
1,1
1,1
1,1
1,1
1,15
1,4
1,1
1,14
1,1
1,1
1,1
1,17
1,1
1,1
1,1
1,1
1,1
1,17
1,1
1,1
1,15
1,1
1,1
1,17
1,17
1,1
1,1
1,1
1,1
1,1
1,1
1,1
1,1
1,1
1,1
1,1
1,26
1,5
1,1
1,1
1,1
1,1
1,1
1,1
1,1
1,1
1,1
1,1
1,1
1,1
1,1
1,14
1,1
1,1
1,1
1,1
1,8
2,2
2,2
2,2
2,2
2,2
2,2
2,2
2,2
2,2
2,2
2,2
2,2
2,2
2,8
2,8
2,18
2,2
2,2
2,2
2,2
2,2
2,2
2,2
2,2
2,2
2,2
2,2
2,2
2,2
2,8
2,2
2,2
2,2
2,2
2,2
2,2
2,2
2,2
2,2
2,2
2,8
2,2
2,2
2,2
2,2
2,2
2,2
2,8
2,2
2,2
2,2
2,2
2,8
2,2
2,2
2,2
2,2
2,2
2,2
2,2
2,2
2,2
2,2
2,2
2,2
2,2
2,5
2,18
2,2
2,2
2,2
2,2
2,15
2,2
2,2
2,2
2,2
2,2
2,2
2,2
2,2
2,2
2,8
2,2
2,3
2,2
2,19
2,2
2,2
2,2
2,2
2,2
2,2
2,2
2,2
2,1
2,2
2,2
2,2
2,18
2,1
2,1
2,2
2,2
2,2
2,8
2,2
2,2
2,2
2,2
2,2
2,8
2,2
2,8
2,2
2,2
2,5
2,2
2,2
2,2
2,2
2,2
2,2
2,19
2,2
2,2
2,2
2,2
2,1
2,2
2,2
2,2
2,2
2,2
2,2
2,8
2,2
2,2
2,2
2,2
2,2
2,2
2,17
2,2
2,8
2,2
2,2
2,2
2,2
2,1
2,2
2,2
2,2
2,2
2,2
2,2
2,2
2,2
2,2
2,2
2,2
2,2
2,2
2,2
2,2
2,2
2,2
2,2
2,2
2,2
2,2
2,2
2,2
2,2
2,2
2,8
2,8
2,2
2,11
2,2
2,2
2,2
2,2
2,18
2,2
2,8
2,2
2,2
2,8
2,2
2,2
2,2
2,2
2,2
2,2
2,2
2,2
2,2
2,2
2,2
2,2
2,2
2,2
2,2
2,2
2,2
2,2
2,8
2,2
2,2
2,2
2,2
2,2
2,2
2,2
2,8
2,2
2,2
2,2
2,2
2,2
2,2
2,12
2,2
2,2
2,2
2,2
2,2
2,2
2,2
2,12
2,9
2,2
2,2
2,1
2,8
2,2
2,2
2,2
2,2
2,2
2,2
2,2
2,2
2,2
2,2
2,2
2,2
2,2
2,13
2,2
2,1
2,2
2,8
2,4
2,2
2,2
2,2
2,2
2,8
2,2
2,2
2,17
2,2
2,2
2,2
2,2
2,2
2,2
2,2
2,2
2,2
2,2
2,2
2,2
2,2
2,17
2,2
2,2
2,2
2,2
2,2
2,8
2,2
2,2
2,2
2,2
2,2
2,2
2,2
2,2
2,2
2,18
2,2
2,2
2,2
2,2
2,2
2,2
2,2
2,2
2,2
2,2
2,2
2,8
2,2
2,2
2,2
2,17
2,2
2,2
2,7
2,2
2,2
2,2
2,12
2,2
2,2
2,2
2,2
2,2
2,2
2,2
2,2
2,2
2,2
2,2
2,12
2,1
2,2
2,2
2,2
2,2
2,8
2,2
2,9
2,2
2,2
2,1
2,2
2,2
2,2
2,2
2,2
2,2
2,5
2,2
2,2
2,2
2,2
2,2
2,8
2,2
2,2
2,6
2,2
2,2
2,2
2,2
2,2
2,2
2,2
2,2
2,2
2,26
2,2
2,2
2,2
2,7
2,1
2,2
2,2
2,2
2,2
2,2
2,2
2,11
2,2
2,2
2,2
2,26
2,8
2,2
2,2
2,2
2,2
2,2
2,2
2,2
2,2
2,2
2,8
2,8
2,2
2,2
2,15
2,8
2,2
2,2
2,2
2,2
2,2
2,2
2,2
2,2
2,1
2,8
2,2
2,2
2,7
2,2
2,2
2,2
2,2
2,2
2,8
2,2
2,2
2,2
2,2
2,2
2,2
2,2
2,2
2,2
2,2
2,2
2,2
2,2
2,2
2,2
2,2
2,8
2,2
2,8
2,2
2,2
2,19
2,2
2,2
2,2
2,2
2,2
2,8
2,2
2,2
2,2
2,2
2,2
2,2
2,2
2,2
2,2
2,2
2,2
2,2
2,2
2,2
2,2
2,2
2,2
2,1
2,2
2,2
2,2
2,2
2,2
2,2
2,2
2,2
2,2
2,2
2,2
2,2
2,2
2,2
2,4
2,2
2,2
2,1
2,2
2,2
2,2
2,8
2,18
2,2
2,2
2,2
2,2
2,2
2,2
2,2
2,2
2,2
2,7
2,8
2,2
2,2
2,2
2,2
3,3
3,3
3,1
3,3
3,3
3,3
3,3
3,7
3,3
3,3
3,3
3,3
3,7
3,9
3,3
3,3
3,3
3,3
3,14
3,3
3,3
3,3
3,3
3,3
3,12
3,3
3,3
3,3
3,3
3,3
3,5
3,3
3,3
3,3
3,3
3,3
3,3
3,5
3,3
3,3
3,3
3,3
3,5
3,3
3,3
3,3
3,3
3,3
3,3
3,3
3,3
3,3
3,16
3,3
3,3
3,3
3,3
3,3
3,3
3,3
3,3
3,3
3,3
3,3
3,3
3,3
3,3
3,3
3,9
3,3
3,5
3,3
3,19
3,3
3,3
3,3
3,3
3,3
3,3
3,3
3,3
3,5
3,3
3,3
3,3
3,3
3,1
3,3
3,3
3,3
3,5
3,3
3,7
3,3
3,3
3,3
3,3
3,3
3,3
3,3
3,3
3,6
3,3
3,3
3,3
3,3
3,3
3,17
3,3
3,3
3,3
3,15
3,3
3,3
3,3
3,3
3,3
3,5
3,3
3,3
3,3
3,3
3,3
3,3
3,3
3,3
3,3
3,3
3,3
3,3
3,7
3,3
3,3
3,18
3,5
3,3
3,3
3,3
3,3
3,3
3,5
3,3
3,3
3,3
3,3
3,3
3,3
3,5
3,3
3,12
3,3
3,5
3,3
3,3
3,3
3,3
3,3
3,3
3,3
3,3
3,3
3,3
3,3
3,3
3,3
3,5
3,3
3,3
3,3
3,3
3,3
3,3
3,15
3,3
3,3
3,3
3,5
3,3
3,5
3,3
3,3
3,5
3,3
3,3
3,3
3,3
3,3
3,19
3,3
3,3
3,3
3,3
3,3
3,17
3,3
3,5
3,3
3,3
3,3
3,3
3,3
3,3
3,3
3,3
3,3
3,3
3,3
3,3
3,3
3,3
3,3
3,3
3,3
3,3
3,3
3,3
3,3
3,3
3,3
3,3
3,3
3,3
3,15
3,3
3,15
3,3
3,3
3,5
3,3
3,5
3,5
3,3
3,3
3,3
3,3
3,3
3,3
3,3
3,5
3,3
3,3
3,7
3,3
3,3
3,3
3,3
3,3
3,3
3,3
3,3
3,3
3,3
3,3
3,3
3,5
3,12
3,5
3,3
3,3
3,3
3,7
3,3
3,3
3,3
3,3
3,3
3,3
3,3
3,3
3,3
3,3
3,3
3,3
3,3
3,3
3,3
3,3
3,3
3,3
3,3
3,3
3,3
3,3
3,3
3,15
3,7
3,7
3,3
3,15
3,3
3,3
3,3
3,7
3,3
3,3
3,3
3,3
3,3
3,3
3,3
3,3
3,3
3,3
3,3
3,3
3,3
3,3
3,3
3,5
3,3
3,3
3,3
3,3
3,3
3,3
3,3
3,3
3,3
3,3
3,3
3,3
3,3
3,3
3,3
3,3
3,3
3,3
3,3
3,3
3,3
3,5
3,3
3,3
3,3
3,3
3,3
3,3
3,3
3,3
3,3
3,5
3,3
3,3
3,3
3,3
3,18
3,3
3,3
3,3
3,3
3,3
3,3
3,3
3,3
3,3
3,3
3,3
3,3
3,3
3,3
3,1
3,3
3,3
3,3
3,3
3,3
3,3
3,3
3,3
3,3
3,3
3,3
3,3
3,3
3,3
3,3
3,3
3,3
3,3
3,3
3,3
3,3
3,3
3,3
3,3
3,15
3,3
3,3
3,3
3,3
3,3
3,3
3,3
3,3
3,3
3,3
3,3
3,3
3,3
3,3
3,3
3,3
3,3
3,3
3,3
3,3
3,3
3,3
3,3
3,3
3,3
3,3
3,3
3,3
3,3
3,3
3,3
3,3
3,3
3,3
3,3
3,5
3,3
3,3
3,3
3,3
3,3
3,7
3,5
3,3
3,5
3,3
3,3
3,3
3,3
3,3
3,3
3,3
3,3
3,3
3,3
3,3
3,3
3,3
3,3
3,3
3,5
3,3
3,3
3,3
3,3
3,3
3,3
3,3
3,3
3,15
3,3
3,3
3,3
3,3
3,3
3,15
3,3
3,3
3,3
3,3
3,3
3,3
3,3
3,3
3,3
3,3
3,3
3,3
3,3
3,3
3,3
3,3
3,7
3,3
3,7
3,3
3,7
3,3
3,5
3,5
3,3
3,3
3,3
3,3
3,3
3,3
3,3
3,7
3,3
3,3
3,3
3,3
3,3
3,3
4,4
4,2
4,4
4,4
4,4
4,4
4,4
4,4
4,4
4,4
4,4
4,2
4,4
4,4
4,15
4,4
4,4
4,4
4,4
4,4
4,4
4,14
4,4
4,4
4,4
4,15
4,8
4,4
4,4
4,4
4,4
4,4
4,4
4,4
4,4
4,4
4,4
4,4
4,4
4,4
4,4
4,4
4,4
4,4
4,4
4,14
4,4
4,10
4,10
4,4
4,4
4,4
4,4
4,4
4,4
4,4
4,4
4,8
4,4
4,4
4,4
4,4
4,4
4,1
4,4
4,4
4,4
4,4
4,4
4,4
4,9
4,4
4,4
4,4
4,4
4,4
4,20
4,4
4,4
4,4
4,4
4,4
4,4
4,15
4,15
4,4
4,4
4,4
4,4
4,4
4,4
4,4
4,4
4,4
4,4
4,4
4,4
4,4
4,4
4,4
4,16
4,4
4,4
4,4
4,9
4,4
4,10
4,4
4,26
4,4
4,4
4,4
4,4
4,4
4,4
4,4
4,4
4,4
4,4
4,4
4,4
4,4
4,4
4,4
4,4
4,4
4,4
4,4
4,4
4,4
4,4
4,4
4,4
4,10
4,4
4,4
4,4
4,4
4,4
4,4
4,4
4,4
4,4
4,4
4,4
4,4
4,4
4,4
4,4
4,4
4,4
4,4
4,4
4,4
4,4
4,4
4,4
4,4
4,15
4,4
4,4
4,4
4,1
4,4
4,4
4,15
4,4
4,4
4,10
4,1
4,4
4,4
4,4
4,4
4,2
4,4
4,2
4,4
4,4
4,4
4,20
4,15
4,4
4,4
4,4
4,4
4,4
4,4
4,4
4,4
4,4
4,4
4,4
4,4
4,4
4,4
4,4
4,4
4,4
4,4
4,4
4,4
4,4
4,4
4,4
4,4
4,4
4,4
4,4
4,4
4,4
4,4
4,15
4,4
4,4
4,4
4,12
4,4
4,4
4,4
4,4
4,4
4,4
4,15
4,15
4,4
4,4
4,4
4,4
4,4
4,4
4,4
4,4
4,4
4,4
4,4
4,4
4,4
4,4
4,4
4,4
4,1
4,15
4,4
4,4
4,4
4,4
4,4
4,15
4,4
4,4
4,4
4,4
4,4
4,2
4,4
4,4
4,4
4,4
4,4
4,4
4,4
4,4
4,4
4,4
4,4
4,4
4,4
4,4
4,4
4,9
4,4
4,4
4,4
4,4
4,4
4,4
4,4
4,4
4,4
4,10
4,4
4,4
4,4
4,4
4,4
4,4
4,4
4,4
4,4
4,4
4,4
4,4
4,4
4,4
4,4
4,4
4,4
4,4
4,4
4,4
4,4
4,4
4,4
4,4
4,4
4,4
4,4
4,4
4,9
4,4
4,4
4,10
4,26
4,4
4,10
4,4
4,9
4,4
4,4
4,4
4,4
4,15
4,8
4,4
4,4
4,4
4,4
4,4
4,4
4,4
4,4
4,14
4,4
4,4
4,10
4,4
4,4
4,1
4,4
4,4
4,4
4,4
4,4
4,4
4,4
4,4
4,4
4,4
4,14
4,4
4,4
4,4
4,2
4,4
4,4
4,4
4,4
4,4
4,4
4,4
4,4
4,4
4,4
4,4
4,4
4,4
4,4
4,4
4,4
4,4
4,4
4,4
4,4
4,4
4,2
4,15
4,4
4,4
4,4
4,4
4,4
4,4
4,4
4,4
4,4
4,4
4,4
4,4
4,4
4,4
4,4
4,4
4,4
4,4
4,4
4,4
4,4
4,4
4,4
4,4
4,4
4,4
4,4
4,4
4,4
4,10
4,4
4,4
4,4
4,4
4,4
4,4
4,4
4,4
4,4
4,4
4,4
4,4
4,4
4,4
4,4
4,4
4,4
4,4
4,4
4,4
4,4
4,4
4,4
4,4
4,4
4,15
4,4
4,4
4,4
4,4
4,4
4,2
4,4
4,4
4,4
4,4
4,4
4,4
4,4
4,4
4,4
4,20
4,4
4,4
4,4
4,4
4,10
4,4
4,15
4,4
4,4
4,4
4,4
4,4
4,4
4,4
4,15
4,4
4,4
4,4
4,4
4,4
4,4
4,4
4,4
4,4
4,4
4,4
4,4
4,4
4,4
4,4
4,16
4,4
4,10
4,4
4,4
4,4
4,4
4,4
4,4
4,4
4,4
4,4
4,4
4,4
4,4
4,4
4,4
4,4
4,4
4,4
4,4
5,7
5,5
5,5
5,6
5,5
5,5
5,5
5,5
5,5
5,5
5,5
5,5
5,5
5,5
5,7
5,5
5,5
5,7
5,5
5,5
5,5
5,5
5,5
5,5
5,5
5,5
5,5
5,26
5,5
5,5
5,5
5,5
5,5
5,5
5,5
5,5
5,5
5,5
5,5
5,5
5,5
5,5
5,5
5,2
5,3
5,5
5,6
5,5
5,5
5,5
5,5
5,5
5,5
5,5
5,5
5,5
5,5
5,5
5,5
5,5
5,5
5,2
5,5
5,5
5,5
5,5
5,5
5,5
5,5
5,5
5,5
5,5
5,5
5,5
5,5
5,5
5,5
5,5
5,5
5,1
5,5
5,5
5,5
5,5
5,5
5,5
5,3
5,5
5,5
5,5
5,5
5,5
5,5
5,5
5,5
5,5
5,5
5,5
5,5
5,5
5,5
5,5
5,6
5,5
5,5
5,5
5,5
5,5
5,3
5,5
5,5
5,5
5,5
5,5
5,3
5,5
5,5
5,5
5,5
5,3
5,5
5,7
5,5
5,5
5,3
5,5
5,5
5,5
5,5
5,5
5,5
5,6
5,5
5,5
5,5
5,5
5,5
5,5
5,5
5,9
5,5
5,5
5,5
5,6
5,5
5,5
5,5
5,5
5,5
5,5
5,5
5,3
5,5
5,5
5,6
5,5
5,5
5,5
5,6
5,5
5,5
5,5
5,5
5,5
5,5
5,5
5,6
5,5
5,5
5,5
5,5
5,5
5,3
5,5
5,5
5,5
5,5
5,5
5,5
5,5
5,3
5,5
5,5
5,5
5,5
5,5
5,5
5,5
5,5
5,3
5,5
5,5
5,5
5,5
5,3
5,6
5,3
5,3
5,5
5,5
5,5
5,18
5,5
5,5
5,5
5,5
5,5
5,5
5,5
5,5
5,6
5,5
5,5
5,5
5,6
5,5
5,5
5,5
5,5
5,5
5,5
5,5
5,5
5,5
5,5
5,5
5,5
5,3
5,5
5,5
5,5
5,5
5,5
5,5
5,5
5,5
5,5
5,5
5,5
5,3
5,5
5,5
5,5
5,5
5,5
5,5
5,5
5,15
5,5
5,5
5,5
5,5
5,5
5,5
5,5
5,5
5,5
5,6
5,3
5,5
5,5
5,5
5,5
5,5
5,5
5,5
5,5
5,3
5,5
5,5
5,5
5,3
5,5
5,5
5,5
5,5
5,5
5,5
5,5
5,5
5,5
5,5
5,5
5,5
5,5
5,5
5,5
5,5
5,3
5,5
5,6
5,5
5,5
5,3
5,5
5,5
5,5
5,19
5,5
5,5
5,5
5,5
5,5
5,5
5,5
5,5
5,5
5,5
5,5
5,18
5,5
5,3
5,5
5,5
5,5
5,5
5,5
5,5
5,5
5,5
5,5
5,5
5,5
5,5
5,5
5,5
5,19
5,5
5,5
5,5
5,5
5,5
5,5
5,5
5,1
5,5
5,5
5,5
5,5
5,15
5,5
5,5
5,6
5,5
5,5
5,5
5,5
5,5
5,5
5,3
5,5
5,1
5,6
5,6
5,18
5,7
5,5
5,5
5,5
5,5
5,5
5,5
5,5
5,5
5,5
5,1
5,5
5,5
5,5
5,5
5,5
5,5
5,5
5,5
5,5
5,5
5,5
5,5
5,5
5,3
5,2
5,5
5,5
5,5
5,5
5,5
5,5
5,5
5,5
5,5
5,5
5,1
5,5
5,5
5,5
5,5
5,5
5,15
5,7
5,5
5,5
5,5
5,5
5,5
5,3
5,5
5,5
5,6
5,5
5,5
5,5
5,5
5,5
5,5
5,5
5,5
5,5
5,5
5,5
5,5
5,5
5,5
5,5
5,5
5,6
5,5
5,5
5,5
5,5
5,5
5,5
5,5
5,5
5,5
5,5
5,5
5,5
5,5
5,5
5,5
5,5
5,5
5,5
5,5
5,7
5,5
5,5
5,5
5,5
5,5
5,5
5,5
5,5
5,6
5,2
5,5
5,5
5,5
5,5
5,5
5,5
5,5
5,5
5,5
5,5
5,5
5,5
5,5
5,5
5,5
5,5
5,5
5,3
5,5
5,5
5,5
5,5
5,5
5,5
5,5
5,5
5,5
5,5
5,5
5,5
5,26
5,5
5,5
5,5
5,6
5,5
5,5
5,5
5,3
5,5
5,5
5,5
5,5
5,5
5,5
6,6
6,6
6,6
6,6
6,6
6,6
6,6
6,6
6,6
6,6
6,6
6,6
6,6
6,6
6,6
6,6
6,6
6,6
6,20
6,6
6,6
6,6
6,6
6,6
6,6
6,6
6,6
6,6
6,20
6,6
6,6
6,6
6,20
6,6
6,6
6,6
6,6
6,6
6,6
6,6
6,6
6,6
6,6
6,6
6,6
6,6
6,6
6,6
6,6
6,6
6,6
6,6
6,6
6,6
6,6
6,6
6,6
6,6
6,6
6,6
6,6
6,6
6,20
6,6
6,6
6,6
6,6
6,20
6,6
6,6
6,6
6,6
6,6
6,6
6,6
6,6
6,6
6,6
6,6
6,6
6,6
6,6
6,6
6,18
6,17
6,6
6,26
6,6
6,7
6,6
6,6
6,16
6,16
6,6
6,6
6,6
6,6
6,6
6,6
6,6
6,6
6,6
6,6
6,20
6,6
6,6
6,6
6,6
6,6
6,20
6,6
6,19
6,6
6,6
6,6
6,6
6,6
6,6
6,6
6,6
6,6
6,6
6,6
6,6
6,6
6,6
6,6
6,6
6,6
6,6
6,6
6,6
6,6
6,6
6,6
6,6
6,6
6,6
6,6
6,6
6,3
6,6
6,6
6,6
6,6
6,6
6,6
6,6
6,6
6,6
6,6
6,6
6,16
6,6
6,16
6,16
6,6
6,6
6,17
6,6
6,6
6,6
6,6
6,6
6,6
6,20
6,6
6,6
6,6
6,6
6,6
6,7
6,6
6,6
6,6
6,6
6,6
6,6
6,6
6,7
6,6
6,6
6,6
6,6
6,6
6,6
6,6
6,6
6,6
6,6
6,6
6,6
6,6
6,6
6,6
6,6
6,6
6,6
6,6
6,6
6,16
6,6
6,6
6,6
6,6
6,20
6,6
6,6
6,6
6,6
6,6
6,6
6,6
6,16
6,6
6,6
6,6
6,6
6,6
6,6
6,6
6,6
6,6
6,19
6,6
6,6
6,6
6,5
6,6
6,6
6,6
6,6
6,6
6,6
6,6
6,6
6,6
6,6
6,6
6,6
6,6
6,6
6,6
6,6
6,3
6,6
6,6
6,6
6,6
6,6
6,6
6,6
6,20
6,6
6,6
6,6
6,6
6,6
6,6
6,12
6,6
6,6
6,6
6,6
6,2
6,6
6,6
6,6
6,6
6,6
6,6
6,6
6,6
6,6
6,6
6,6
6,6
6,5
6,6
6,6
6,6
6,6
6,6
6,6
6,6
6,6
6,6
6,6
6,6
6,6
6,6
6,6
6,6
6,6
6,6
6,6
6,6
6,6
6,20
6,6
6,6
6,6
6,19
6,6
6,6
6,6
6,7
6,6
6,6
6,6
6,6
6,6
6,6
6,6
6,6
6,6
6,6
6,6
6,6
6,6
6,6
6,6
6,5
6,6
6,6
6,6
6,1
6,6
6,6
6,6
6,6
6,6
6,6
6,6
6,6
6,6
6,6
6,18
6,6
6,6
6,6
6,6
6,6
6,6
6,6
6,6
6,6
6,26
6,6
6,6
6,6
6,6
6,6
6,6
6,6
6,12
6,6
6,6
6,6
6,6
6,6
6,5
6,6
6,10
6,1
6,6
6,6
6,6
6,6
6,6
6,6
6,6
6,3
6,6
6,6
6,6
6,6
6,6
6,20
6,6
6,6
6,6
6,18
6,6
6,6
6,6
6,6
6,6
6,20
6,6
6,6
6,6
6,6
6,6
6,6
6,6
6,6
6,6
6,6
6,6
6,6
6,6
6,6
6,6
6,6
6,6
6,6
6,6
6,6
6,6
6,6
6,6
6,6
6,6
6,6
6,6
6,3
6,6
6,6
6,6
6,6
6,6
6,6
6,6
6,5
6,6
6,6
6,6
6,6
6,6
6,6
6,6
6,6
6,6
6,6
6,6
6,6
6,6
6,6
6,6
6,6
6,6
6,6
6,6
6,6
6,6
6,6
6,6
6,6
6,6
6,20
6,6
6,6
6,6
6,6
6,6
6,9
6,6
6,6
6,19
6,6
6,6
6,6
6,6
6,20
6,6
6,6
6,11
6,6
6,6
6,6
6,8
6,6
6,6
6,6
6,6
6,6
6,6
6,6
6,6
6,6
6,6
6,6
6,6
6,6
6,6
6,6
6,6
6,6
6,6
6,6
6,6
6,6
6,20
6,6
6,6
6,6
6,20
6,6
6,6
7,7
7,7
7,7
7,7
7,7
7,7
7,7
7,18
7,17
7,7
7,17
7,7
7,7
7,7
7,7
7,7
7,2
7,17
7,7
7,7
7,7
7,7
7,17
7,7
7,7
7,7
7,7
7,17
7,17
7,7
7,7
7,6
7,7
7,17
7,7
7,7
7,3
7,17
7,7
7,17
7,7
7,7
7,7
7,7
7,7
7,7
7,1
7,17
7,7
7,7
7,7
7,1
7,7
7,7
7,17
7,17
7,7
7,7
7,10
7,7
7,7
7,7
7,7
7,17
7,7
7,7
7,1
7,17
7,7
7,26
7,3
7,7
7,17
7,7
7,7
7,7
7,7
7,7
7,4
7,7
7,7
7,7
7,7
7,7
7,7
7,7
7,7
7,7
7,17
7,7
7,17
7,7
7,7
7,17
7,7
7,7
7,7
7,9
7,17
7,7
7,7
7,7
7,7
7,3
7,7
7,7
7,7
7,7
7,7
7,17
7,7
7,7
7,17
7,7
7,7
7,7
7,7
7,7
7,19
7,17
7,7
7,7
7,7
7,9
7,7
7,7
7,2
7,7
7,7
7,17
7,7
7,2
7,17
7,2
7,1
7,7
7,7
7,17
7,17
7,7
7,20
7,7
7,7
7,7
7,7
7,7
7,17
7,5
7,7
7,7
7,7
7,7
7,7
7,9
7,7
7,7
7,7
7,17
7,7
7,7
7,17
7,26
7,17
7,3
7,7
7,17
7,5
7,7
7,17
7,7
7,7
7,7
7,7
7,7
7,17
7,7
7,17
7,17
7,2
7,7
7,7
7,7
7,7
7,7
7,2
7,19
7,25
7,7
7,7
7,7
7,7
7,7
7,7
7,7
7,17
7,7
7,7
7,7
7,7
7,7
7,7
7,18
7,17
7,7
7,3
7,17
7,7
7,17
7,7
7,20
7,17
7,7
7,7
7,25
7,1
7,7
7,17
7,7
7,19
7,1
7,7
7,7
7,7
7,7
7,7
7,7
7,18
7,7
7,7
7,17
7,7
7,17
7,7
7,7
7,7
7,7
7,7
7,7
7,7
7,7
7,3
7,3
7,7
7,7
7,7
7,7
7,7
7,6
7,7
7,7
7,7
7,17
7,8
7,17
7,7
7,7
7,7
7,17
7,7
7,7
7,7
7,7
7,7
7,7
7,7
7,7
7,7
7,3
7,17
7,19
7,7
7,7
7,7
7,7
7,7
7,17
7,7
7,7
7,7
7,5
7,7
7,17
7,7
7,7
7,7
7,1
7,2
7,17
7,7
7,7
7,7
7,7
7,7
7,7
7,7
7,7
7,7
7,7
7,7
7,7
7,7
7,3
7,10
7,7
7,7
7,3
7,19
7,7
7,7
7,7
7,7
7,14
7,7
7,7
7,17
7,7
7,17
7,7
7,7
7,19
7,7
7,7
7,17
7,7
7,7
7,7
7,7
7,7
7,17
7,2
7,3
7,17
7,17
7,1
7,7
7,7
7,7
7,7
7,7
7,7
7,7
7,7
7,7
7,17
7,5
7,2
7,7
7,7
7,17
7,7
7,7
7,7
7,7
7,5
7,2
7,7
7,7
7,7
7,17
7,7
7,17
7,22
7,7
7,7
7,7
7,7
7,7
7,7
7,17
7,3
7,7
7,7
7,7
7,7
7,20
7,7
7,25
7,17
7,17
7,7
7,7
7,7
7,17
7,7
7,7
7,3
7,7
7,7
7,7
7,7
7,7
7,1
7,17
7,7
7,19
7,7
7,17
7,7
7,7
7,7
7,7
7,7
7,7
7,7
7,7
7,5
7,17
7,7
7,7
7,17
7,7
7,7
7,7
7,7
7,7
7,7
7,7
7,7
7,7
7,7
7,7
7,7
7,7
7,7
7,7
7,17
7,7
7,6
7,7
7,1
7,7
7,7
7,7
7,7
7,17
7,17
7,17
7,17
7,15
7,7
7,7
7,17
7,7
7,7
7,7
7,17
7,7
7,7
7,7
7,7
7,7
7,17
7,7
7,7
7,7
7,7
7,7
7,7
7,3
7,7
7,7
7,1
7,7
7,17
7,25
7,7
7,7
7,7
7,7
7,2
7,1
7,7
7,7
7,25
7,7
7,7
7,14
7,3
7,7
7,7
7,7
7,3
7,17
7,7
7,7
7,7
7,7
7,7
7,7
7,7
7,7
7,7
7,17
7,7
7,7
7,7
7,19
7,7
7,3
7,7
8,8
8,8
8,8
8,8
8,8
8,8
8,8
8,8
8,8
8,8
8,8
8,8
8,8
8,9
8,8
8,8
8,8
8,8
8,14
8,8
8,8
8,21
8,8
8,8
8,8
8,2
8,8
8,8
8,8
8,8
8,13
8,8
8,8
8,8
8,8
8,8
8,8
8,8
8,5
8,8
8,8
8,8
8,8
8,8
8,8
8,8
8,8
8,1
8,8
8,8
8,8
8,12
8,8
8,8
8,8
8,4
8,8
8,8
8,8
8,8
8,8
8,13
8,8
8,8
8,8
8,1
8,8
8,8
8,8
8,8
8,8
8,2
8,8
8,8
8,23
8,8
8,8
8,8
8,8
8,12
8,8
8,8
8,8
8,8
8,2
8,8
8,8
8,8
8,8
8,8
8,8
8,8
8,8
8,8
8,8
8,8
8,12
8,20
8,8
8,8
8,8
8,8
8,12
8,8
8,8
8,8
8,8
8,14
8,8
8,8
8,2
8,8
8,8
8,8
8,8
8,8
8,8
8,8
8,8
8,8
8,8
8,8
8,8
8,8
8,8
8,8
8,8
8,8
8,8
8,8
8,8
8,8
8,8
8,8
8,8
8,8
8,4
8,8
8,8
8,8
8,8
8,8
8,8
8,8
8,8
8,8
8,8
8,8
8,8
8,8
8,8
8,25
8,8
8,8
8,8
8,2
8,8
8,8
8,8
8,8
8,8
8,2
8,8
8,8
8,8
8,8
8,8
8,8
8,1
8,8
8,8
8,8
8,8
8,2
8,8
8,8
8,8
8,8
8,8
8,8
8,2
8,8
8,8
8,8
8,8
8,12
8,8
8,8
8,8
8,8
8,8
8,8
8,8
8,8
8,1
8,8
8,25
8,8
8,8
8,8
8,8
8,8
8,8
8,8
8,8
8,8
8,14
8,8
8,8
8,8
8,8
8,8
8,8
8,8
8,8
8,8
8,2
8,8
8,1
8,8
8,14
8,8
8,8
8,8
8,8
8,8
8,17
8,8
8,8
8,8
8,14
8,20
8,8
8,8
8,8
8,8
8,2
8,8
8,8
8,8
8,6
8,8
8,8
8,8
8,8
8,8
8,8
8,8
8,8
8,20
8,8
8,8
8,8
8,8
8,8
8,2
8,8
8,8
8,8
8,8
8,8
8,8
8,8
8,8
8,8
8,8
8,8
8,8
8,8
8,8
8,8
8,8
8,8
8,20
8,8
8,8
8,8
8,8
8,2
8,12
8,8
8,8
8,8
8,8
8,14
8,8
8,8
8,25
8,8
8,8
8,14
8,8
8,8
8,8
8,8
8,8
8,2
8,13
8,8
8,2
8,8
8,8
8,8
8,14
8,8
8,8
8,8
8,2
8,8
8,8
8,8
8,8
8,8
8,20
8,8
8,8
8,8
8,8
8,8
8,9
8,2
8,8
8,8
8,8
8,8
8,8
8,8
8,8
8,8
8,8
8,8
8,12
8,8
8,8
8,8
8,8
8,8
8,2
8,8
8,8
8,8
8,8
8,8
8,12
8,8
8,8
8,8
8,8
8,8
8,8
8,8
8,8
8,8
8,8
8,8
8,8
8,8
8,8
8,8
8,8
8,8
8,8
8,1
8,8
8,8
8,8
8,8
8,8
8,8
8,8
8,8
8,8
8,8
8,8
8,8
8,8
8,8
8,8
8,8
8,8
8,8
8,8
8,8
8,8
8,8
8,8
8,8
8,8
8,8
8,8
8,8
8,8
8,8
8,14
8,8
8,14
8,8
8,8
8,8
8,8
8,2
8,8
8,8
8,8
8,8
8,8
8,8
8,8
8,8
8,8
8,8
8,8
8,2
8,8
8,8
8,8
8,1
8,8
8,8
8,8
8,8
8,8
8,8
8,8
8,8
8,8
8,8
8,8
8,8
8,2
8,8
8,8
8,8
8,8
8,8
8,12
8,8
8,8
8,8
8,8
8,8
8,8
8,8
8,8
8,2
8,8
8,8
8,8
8,8
8,8
8,8
8,8
8,1
8,8
8,12
8,8
8,2
8,8
8,8
8,8
8,8
8,8
8,14
8,8
8,8
8,2
8,8
8,2
8,12
8,8
8,8
8,8
8,8
8,8
8,8
8,8
8,8
8,8
8,8
8,8
8,8
8,8
8,8
8,8
8,8
8,14
8,8
8,8
8,8
8,8
8,8
8,2
8,8
8,8
8,8
8,8
8,8
8,8
8,8
8,8
9,9
9,12
9,12
9,9
9,9
9,12
9,9
9,9
9,9
9,9
9,12
9,9
9,9
9,9
9,9
9,9
9,9
9,9
9,9
9,12
9,9
9,9
9,12
9,9
9,9
9,12
9,9
9,9
9,9
9,12
9,9
9,9
9,9
9,9
9,9
9,9
9,9
9,10
9,9
9,9
9,9
9,9
9,12
9,12
9,9
9,9
9,9
9,9
9,12
9,12
9,9
9,12
9,9
9,12
9,9
9,9
9,9
9,9
9,9
9,17
9,9
9,9
9,9
9,8
9,9
9,12
9,12
9,9
9,9
9,9
9,9
9,10
9,9
9,26
9,9
9,26
9,12
9,9
9,9
9,9
9,9
9,12
9,12
9,9
9,12
9,12
9,9
9,9
9,9
9,9
9,12
9,12
9,9
9,12
9,9
9,9
9,9
9,9
9,9
9,9
9,9
9,12
9,12
9,12
9,9
9,9
9,9
9,12
9,9
9,12
9,9
9,9
9,12
9,9
9,9
9,9
9,15
9,12
9,9
9,9
9,9
9,12
9,9
9,9
9,12
9,9
9,9
9,9
9,9
9,9
9,9
9,9
9,9
9,9
9,10
9,12
9,9
9,9
9,20
9,9
9,9
9,9
9,12
9,12
9,9
9,10
9,15
9,20
9,12
9,9
9,9
9,9
9,12
9,9
9,12
9,9
9,12
9,9
9,9
9,12
9,9
9,9
9,9
9,9
9,9
9,9
9,12
9,9
9,9
9,9
9,9
9,9
9,9
9,9
9,9
9,12
9,12
9,12
9,9
9,9
9,9
9,9
9,9
9,9
9,12
9,9
9,12
9,9
9,9
9,9
9,9
9,9
9,9
9,9
9,9
9,9
9,9
9,9
9,9
9,12
9,12
9,12
9,9
9,12
9,9
9,12
9,9
9,9
9,16
9,12
9,9
9,9
9,9
9,9
9,9
9,12
9,9
9,9
9,12
9,9
9,12
9,9
9,9
9,9
9,9
9,9
9,9
9,9
9,9
9,12
9,9
9,6
9,9
9,9
9,9
9,12
9,9
9,12
9,9
9,12
9,9
9,9
9,12
9,12
9,9
9,9
9,9
9,9
9,12
9,9
9,9
9,12
9,9
9,12
9,12
9,12
9,12
9,12
9,9
9,9
9,9
9,9
9,9
9,12
9,12
9,9
9,9
9,9
9,9
9,12
9,9
9,9
9,12
9,9
9,9
9,9
9,12
9,9
9,12
9,12
9,9
9,12
9,9
9,9
9,9
9,9
9,9
9,9
9,12
9,12
9,20
9,12
9,16
9,6
9,9
9,9
9,9
9,9
9,9
9,9
9,9
9,12
9,1
9,9
9,12
9,9
9,12
9,9
9,12
9,9
9,9
9,9
9,9
9,12
9,9
9,9
9,12
9,9
9,9
9,9
9,9
9,9
9,9
9,12
9,9
9,9
9,9
9,9
9,9
9,9
9,12
9,12
9,9
9,9
9,18
9,10
9,10
9,9
9,12
9,9
9,12
9,12
9,9
9,9
9,12
9,9
9,12
9,9
9,5
9,9
9,9
9,12
9,9
9,6
9,9
9,12
9,12
9,9
9,9
9,9
9,9
9,9
9,12
9,9
9,9
9,9
9,9
9,9
9,9
9,9
9,9
9,10
9,9
9,9
9,9
9,9
9,9
9,9
9,9
9,9
9,9
9,9
9,9
9,9
9,9
9,12
9,12
9,9
9,9
9,9
9,4
9,12
9,9
9,9
9,9
9,9
9,9
9,9
9,9
9,9
9,9
9,12
9,9
9,9
9,10
9,12
9,9
9,12
9,9
9,9
9,12
9,9
9,9
9,9
9,9
9,12
9,9
9,9
9,9
9,9
9,9
9,9
9,9
9,9
9,9
9,12
9,9
9,12
9,12
9,12
9,12
9,9
9,26
9,9
9,9
9,9
9,9
9,25
9,9
9,9
9,9
9,9
9,9
9,9
9,20
9,9
9,9
9,9
9,9
9,9
9,12
9,9
9,9
9,9
9,9
9,12
9,12
9,12
9,9
9,9
9,9
9,12
9,9
9,9
9,9
9,9
9,12
9,9
9,12
9,9
9,12
9,9
9,17
9,9
9,9
9,9
9,9
9,9
9,9
9,9
9,12
9,12
9,9
9,12
9,9
9,9
9,12
9,9
9,9
9,9
9,9
9,9
9,9
9,18
9,9
9,12
9,9
9,12
9,9
9,12
10,10
10,10
10,10
10,19
10,10
10,10
10,10
10,20
10,10
10,10
10,10
10,10
10,10
10,10
10,10
10,10
10,10
10,9
10,10
10,10
10,10
10,10
10,10
10,10
10,10
10,10
10,10
10,10
10,9
10,7
10,10
10,10
10,10
10,10
10,4
10,9
10,10
10,10
10,10
10,10
10,10
10,9
10,10
10,10
10,10
10,14
10,10
10,10
10,10
10,10
10,10
10,10
10,10
10,10
10,10
10,10
10,10
10,10
10,9
10,10
10,12
10,10
10,10
10,10
10,10
10,10
10,10
10,10
10,10
10,10
10,19
10,10
10,10
10,10
10,19
10,12
10,10
10,10
10,10
10,10
10,10
10,10
10,10
10,20
10,10
10,10
10,10
10,10
10,10
10,10
10,10
10,10
10,10
10,10
10,10
10,10
10,2
10,10
10,10
10,10
10,10
10,9
10,10
10,10
10,10
10,10
10,10
10,10
10,10
10,10
10,10
10,10
10,10
10,10
10,10
10,22
10,10
10,10
10,10
10,10
10,10
10,10
10,10
10,10
10,10
10,10
10,9
10,10
10,10
10,10
10,10
10,7
10,9
10,10
10,10
10,10
10,9
10,10
10,10
10,10
10,19
10,10
10,10
10,10
10,12
10,10
10,10
10,10
10,10
10,10
10,10
10,10
10,10
10,10
10,10
10,9
10,10
10,10
10,10
10,10
10,10
10,10
10,10
10,10
10,10
10,10
10,10
10,10
10,9
10,20
10,10
10,10
10,10
10,10
10,10
10,10
10,10
10,10
10,10
10,9
10,10
10,10
10,10
10,10
10,10
10,10
10,10
10,10
10,10
10,10
10,10
10,10
10,10
10,9
10,10
10,21
10,10
10,10
10,10
10,4
10,10
10,10
10,10
10,10
10,7
10,10
10,9
10,10
10,10
10,9
10,10
10,10
10,10
10,10
10,10
10,10
10,9
10,10
10,10
10,10
10,10
10,10
10,20
10,10
10,10
10,10
10,10
10,10
10,10
10,10
10,19
10,10
10,10
10,10
10,10
10,10
10,10
10,10
10,10
10,10
10,10
10,10
10,20
10,10
10,10
10,10
10,10
10,10
10,9
10,10
10,10
10,10
10,10
10,10
10,4
10,10
10,10
10,10
10,10
10,10
10,10
10,10
10,10
10,10
10,10
10,10
10,10
10,10
10,10
10,10
10,10
10,10
10,10
10,10
10,10
10,10
10,10
10,10
10,4
10,10
10,10
10,10
10,10
10,10
10,10
10,10
10,10
10,10
10,20
10,10
10,10
10,10
10,10
10,10
10,10
10,10
10,10
10,12
10,10
10,9
10,10
10,19
10,10
10,10
10,10
10,10
10,10
10,10
10,10
10,10
10,10
10,10
10,10
10,10
10,19
10,10
10,10
10,10
10,10
10,10
10,10
10,10
10,10
10,10
10,10
10,10
10,10
10,10
10,25
10,10
10,10
10,2
10,10
10,10
10,10
10,10
10,10
10,9
10,10
10,10
10,10
10,10
10,4
10,10
10,10
10,10
10,10
10,10
10,10
10,10
10,10
10,10
10,9
10,10
10,10
10,10
10,10
10,10
10,10
10,10
10,10
10,6
10,10
10,10
10,10
10,10
10,25
10,10
10,10
10,10
10,10
10,10
10,10
10,10
10,10
10,9
10,10
10,10
10,10
10,10
10,10
10,10
10,10
10,9
10,10
10,10
10,10
10,10
10,10
10,10
10,18
10,10
10,10
10,10
10,10
10,10
10,10
10,10
10,10
10,10
10,10
10,10
10,9
10,10
10,10
10,10
10,10
10,10
10,10
10,10
10,10
10,10
10,10
10,10
10,10
10,10
10,10
10,10
10,2
10,7
10,10
10,10
10,10
10,4
10,10
10,10
10,20
10,10
10,10
10,17
10,10
10,10
10,10
10,10
10,10
10,10
10,10
10,10
10,10
10,10
10,10
10,10
10,10
10,10
10,10
10,10
10,10
10,10
10,10
10,10
10,10
10,10
10,10
10,10
10,10
10,10
10,10
10,10
10,10
10,10
10,10
10,10
10,10
10,10
10,10
10,10
10,10
10,10
10,10
10,9
10,10
10,9
10,4
10,10
10,10
10,22
10,10
10,10
10,13
10,10
10,10
10,10
10,10
10,10
10,10
10,10
10,10
10,10
10,10
10,10
10,10
10,10
10,10
10,10
10,25
10,10
10,10
10,4
10,10
10,10
11,11
11,11
11,11
11,11
11,11
11,11
11,11
11,11
11,11
11,11
11,11
11,11
11,11
11,11
11,11
11,11
11,11
11,11
11,11
11,11
11,11
11,11
11,11
11,11
11,2
11,11
11,11
11,11
11,11
11,11
11,11
11,8
11,11
11,11
11,11
11,11
11,11
11,11
11,11
11,11
11,11
11,11
11,11
11,11
11,11
11,11
11,11
11,11
11,11
11,11
11,11
11,11
11,11
11,11
11,11
11,11
11,11
11,11
11,11
11,11
11,12
11,11
11,11
11,11
11,11
11,11
11,11
11,11
11,11
11,11
11,11
11,11
11,11
11,11
11,18
11,11
11,11
11,11
11,11
11,11
11,11
11,11
11,11
11,11
11,11
11,11
11,11
11,11
11,11
11,8
11,11
11,11
11,11
11,11
11,11
11,11
11,11
11,11
11,11
11,11
11,11
11,24
11,11
11,11
11,11
11,11
11,11
11,21
11,23
11,11
11,11
11,11
11,11
11,11
11,2
11,11
11,11
11,11
11,22
11,11
11,11
11,11
11,8
11,11
11,11
11,11
11,11
11,11
11,11
11,11
11,11
11,11
11,11
11,11
11,11
11,8
11,11
11,11
11,11
11,11
11,11
11,11
11,11
11,11
11,11
11,11
11,11
11,11
11,3
11,11
11,11
11,11
11,24
11,11
11,11
11,11
11,11
11,8
11,11
11,11
11,11
11,11
11,11
11,11
11,11
11,11
11,11
11,11
11,18
11,11
11,11
11,11
11,11
11,11
11,2
11,11
11,11
11,11
11,11
11,11
11,11
11,11
11,11
11,11
11,11
11,11
11,11
11,11
11,11
11,11
11,11
11,11
11,11
11,11
11,11
11,11
11,11
11,11
11,11
11,11
11,11
11,11
11,11
11,11
11,11
11,11
11,11
11,24
11,11
11,11
11,11
11,11
11,11
11,11
11,11
11,11
11,11
11,11
11,11
11,11
11,11
11,11
11,11
11,11
11,11
11,11
11,11
11,11
11,11
11,11
11,11
11,11
11,11
11,11
11,11
11,12
11,11
11,11
11,11
11,11
11,11
11,11
11,11
11,11
11,11
11,11
11,11
11,11
11,11
11,11
11,11
11,11
11,11
11,11
11,11
11,11
11,11
11,11
11,11
11,13
11,11
11,11
11,11
11,11
11,11
11,11
11,11
11,11
11,11
11,21
11,11
11,11
11,2
11,11
11,11
11,11
11,11
11,11
11,11
11,11
11,11
11,11
11,11
11,11
11,3
11,11
11,11
11,18
11,11
11,11
11,11
11,11
11,21
11,11
11,11
11,11
11,11
11,11
11,11
11,11
11,11
11,11
11,22
11,11
11,13
11,11
11,11
11,11
11,11
11,11
11,18
11,2
11,11
11,11
11,11
11,12
11,11
11,11
11,11
11,11
11,11
11,11
11,11
11,11
11,11
11,11
11,11
11,11
11,11
11,8
11,11
11,11
11,11
11,11
11,11
11,25
11,11
11,13
11,11
11,11
11,11
11,11
11,2
11,11
11,11
11,11
11,11
11,11
11,11
11,14
11,11
11,11
11,11
11,11
11,11
11,11
11,11
11,11
11,11
11,11
11,11
11,11
11,11
11,11
11,11
11,11
11,11
11,11
11,11
11,11
11,4
11,11
11,11
11,11
11,11
11,11
11,11
11,11
11,11
11,11
11,11
11,2
11,11
11,11
11,11
11,11
11,11
11,11
11,11
11,11
11,11
11,11
11,11
11,11
11,11
11,11
11,11
11,11
11,11
11,11
11,11
11,11
11,11
11,11
11,11
11,11
11,11
11,11
11,11
11,11
11,11
11,11
11,11
11,11
11,11
11,11
11,11
11,11
11,11
11,11
11,11
11,11
11,11
11,11
11,11
11,11
11,11
11,11
11,11
11,11
11,11
11,11
11,11
11,11
11,11
11,11
11,11
11,11
11,2
11,11
11,11
11,11
11,11
11,11
11,11
11,11
11,12
11,11
11,11
11,11
11,11
11,11
11,18
11,11
11,11
11,11
11,11
11,11
11,8
11,11
11,11
11,11
11,11
11,11
11,11
11,11
11,11
11,11
11,11
11,11
11,11
11,11
11,11
11,11
11,11
11,11
11,24
11,11
11,11
11,11
11,11
11,11
11,11
11,11
11,24
11,11
11,11
11,11
11,11
11,11
11,11
11,11
11,11
11,11
11,11
11,11
11,11
11,11
11,11
11,11
12,12
12,12
12,9
12,12
12,12
12,12
12,9
12,9
12,12
12,12
12,12
12,12
12,12
12,12
12,12
12,12
12,12
12,12
12,12
12,9
12,12
12,12
12,9
12,12
12,12
12,12
12,12
12,12
12,12
12,12
12,12
12,12
12,12
12,12
12,12
12,12
12,12
12,12
12,12
12,12
12,12
12,12
12,12
12,12
12,9
12,9
12,12
12,12
12,9
12,12
12,12
12,12
12,12
12,12
12,12
12,12
12,12
12,12
12,12
12,12
12,12
12,9
12,10
12,9
12,12
12,12
12,9
12,9
12,12
12,12
12,12
12,12
12,12
12,9
12,12
12,9
12,9
12,12
12,12
12,9
12,12
12,12
12,12
12,12
12,12
12,12
12,12
12,9
12,12
12,12
12,12
12,12
12,12
12,9
12,12
12,9
12,12
12,12
12,12
12,12
12,12
12,12
12,12
12,12
12,12
12,9
12,12
12,12
12,9
12,12
12,12
12,9
12,12
12,9
12,12
12,12
12,12
12,12
12,12
12,9
12,12
12,12
12,12
12,12
12,9
12,12
12,9
12,9
12,9
12,12
12,12
12,9
12,12
12,12
12,12
12,9
12,12
12,12
12,12
12,12
12,9
12,12
12,12
12,12
12,12
12,12
12,12
12,12
12,12
12,12
12,12
12,12
12,12
12,12
12,12
12,12
12,7
12,12
12,12
12,12
12,12
12,12
12,3
12,12
12,12
12,9
12,12
12,12
12,9
12,9
12,9
12,9
12,12
12,12
12,12
12,9
12,12
12,12
12,9
12,9
12,9
12,12
12,12
12,12
12,9
12,12
12,12
12,12
12,12
12,12
12,12
12,12
12,12
12,12
12,12
12,9
12,3
12,9
12,12
12,12
12,12
12,12
12,12
12,9
12,9
12,12
12,12
12,9
12,12
12,12
12,12
12,12
12,12
12,12
12,3
12,12
12,12
12,12
12,12
12,12
12,12
12,12
12,12
12,12
12,12
12,9
12,9
12,12
12,12
12,9
12,12
12,9
12,9
12,12
12,12
12,12
12,9
12,12
12,9
12,12
12,9
12,12
12,12
12,12
12,12
12,12
12,12
12,12
12,12
12,12
12,12
12,12
12,10
12,9
12,12
12,12
12,12
12,12
12,12
12,12
12,9
12,9
12,12
12,12
12,12
12,12
12,12
12,12
12,12
12,12
12,9
12,12
12,9
12,12
12,9
12,12
12,12
12,12
12,12
12,12
12,12
12,9
12,9
12,12
12,12
12,9
12,12
12,12
12,12
12,12
12,12
12,12
12,3
12,12
12,12
12,12
12,12
12,12
12,12
12,12
12,12
12,9
12,12
12,12
12,12
12,12
12,12
12,12
12,9
12,12
12,9
12,9
12,12
12,12
12,12
12,12
12,9
12,12
12,12
12,12
12,9
12,9
12,9
12,3
12,9
12,12
12,12
12,12
12,9
12,12
12,9
12,12
12,12
12,12
12,12
12,12
12,12
12,12
12,12
12,9
12,8
12,3
12,9
12,12
12,12
12,12
12,12
12,12
12,12
12,9
12,12
12,12
12,12
12,12
12,12
12,9
12,12
12,12
12,12
12,12
12,12
12,12
12,9
12,12
12,12
12,12
12,12
12,12
12,12
12,12
12,9
12,12
12,12
12,12
12,12
12,12
12,12
12,12
12,12
12,12
12,12
12,12
12,12
12,12
12,12
12,9
12,12
12,12
12,9
12,12
12,12
12,9
12,9
12,12
12,12
12,12
12,12
12,12
12,12
12,12
12,8
12,9
12,12
12,9
12,9
12,12
12,12
12,12
12,12
12,12
12,12
12,12
12,12
12,9
12,12
12,12
12,12
12,22
12,12
12,12
12,12
12,9
12,12
12,9
12,12
12,12
12,12
12,12
12,12
12,12
12,9
12,12
12,12
12,25
12,12
12,12
12,12
12,12
12,9
12,12
12,9
12,12
12,12
12,12
12,12
12,12
12,12
12,12
12,12
12,12
12,9
12,12
12,12
12,9
12,12
12,12
12,9
12,12
12,9
12,2
12,12
12,9
12,9
12,12
12,12
12,12
12,12
12,12
12,12
12,12
12,12
12,12
12,12
12,12
12,12
12,9
12,9
12,12
12,9
12,12
12,12
12,12
12,12
12,12
12,9
12,12
12,12
12,12
12,12
12,12
12,12
12,1
12,12
12,9
12,12
12,12
12,12
12,12
12,9
12,12
13,13
13,13
13,13
13,13
13,13
13,1
13,13
13,13
13,13
13,13
13,13
13,13
13,13
13,13
13,13
13,13
13,13
13,13
13,13
13,13
13,13
13,13
13,13
13,13
13,13
13,13
13,14
13,13
13,14
13,13
13,14
13,13
13,13
13,14
13,11
13,13
13,13
13,13
13,13
13,13
13,13
13,14
13,13
13,13
13,13
13,13
13,13
13,13
13,13
13,13
13,13
13,13
13,13
13,14
13,13
13,13
13,13
13,13
13,13
13,13
13,13
13,13
13,13
13,13
13,13
13,13
13,13
13,13
13,13
13,13
13,13
13,13
13,13
13,14
13,13
13,13
13,13
13,13
13,13
13,13
13,13
13,13
13,13
13,1
13,13
13,13
13,13
13,13
13,13
13,13
13,13
13,21
13,13
13,13
13,13
13,13
13,14
13,13
13,13
13,13
13,13
13,13
13,13
13,13
13,13
13,13
13,13
13,13
13,13
13,13
13,13
13,13
13,13
13,13
13,13
13,13
13,13
13,13
13,13
13,13
13,13
13,13
13,13
13,13
13,14
13,13
13,8
13,13
13,13
13,13
13,13
13,13
13,13
13,13
13,13
13,13
13,13
13,13
13,13
13,13
13,13
13,14
13,13
13,13
13,13
13,13
13,13
13,13
13,14
13,13
13,13
13,13
13,13
13,13
13,13
13,13
13,13
13,14
13,13
13,14
13,13
13,13
13,13
13,13
13,13
13,13
13,13
13,1
13,13
13,13
13,13
13,13
13,14
13,13
13,13
13,14
13,13
13,13
13,13
13,13
13,13
13,13
13,13
13,13
13,13
13,14
13,13
13,13
13,13
13,13
13,13
13,13
13,13
13,13
13,13
13,13
13,13
13,13
13,13
13,13
13,13
13,13
13,13
13,13
13,13
13,13
13,13
13,13
13,14
13,13
13,13
13,13
13,13
13,13
13,13
13,13
13,13
13,8
13,13
13,13
13,13
13,13
13,13
13,13
13,14
13,13
13,13
13,13
13,13
13,8
13,13
13,13
13,13
13,13
13,13
13,13
13,13
13,13
13,13
13,13
13,13
13,13
13,13
13,1
13,13
13,13
13,13
13,13
13,21
13,13
13,13
13,13
13,13
13,13
13,13
13,13
13,13
13,13
13,13
13,13
13,13
13,13
13,13
13,13
13,13
13,13
13,8
13,13
13,13
13,13
13,13
13,14
13,13
13,13
13,13
13,13
13,13
13,13
13,13
13,13
13,13
13,13
13,13
13,13
13,13
13,13
13,13
13,14
13,13
13,13
13,13
13,13
13,13
13,13
13,14
13,13
13,13
13,13
13,13
13,13
13,13
13,13
13,13
13,13
13,13
13,14
13,13
13,13
13,13
13,13
13,13
13,13
13,14
13,21
13,13
13,13
13,13
13,13
13,13
13,13
13,13
13,13
13,13
13,13
13,13
13,13
13,13
13,13
13,13
13,13
13,13
13,13
13,13
13,13
13,13
13,13
13,13
13,13
13,13
13,14
13,13
13,13
13,13
13,13
13,13
13,13
13,14
13,13
13,23
13,13
13,13
13,13
13,13
13,13
13,13
13,14
13,8
13,13
13,13
13,13
13,13
13,13
13,13
13,13
13,13
13,13
13,13
13,13
13,13
13,13
13,13
13,13
13,13
13,13
13,13
13,13
13,13
13,14
13,13
13,13
13,13
13,13
13,13
13,13
13,13
13,13
13,13
13,13
13,14
13,13
13,13
13,13
13,13
13,13
13,13
13,13
13,13
13,13
13,13
13,14
13,13
13,13
13,13
13,13
13,13
13,13
13,13
13,13
13,13
13,13
13,13
13,13
13,14
13,13
13,13
13,13
13,13
13,13
13,13
13,13
13,13
13,13
13,13
13,13
13,13
13,13
13,13
13,14
13,13
13,13
13,13
13,13
13,13
13,13
13,13
13,13
13,13
13,13
13,13
13,13
13,13
13,13
13,13
13,13
13,13
13,13
13,14
13,13
13,13
13,13
13,13
13,13
13,13
13,13
13,13
13,13
13,14
13,13
13,13
13,14
13,13
13,13
13,13
13,13
13,13
13,13
13,13
13,13
13,13
13,13
13,13
13,13
13,13
13,13
13,13
13,13
13,14
13,13
13,13
13,13
13,13
13,1
13,13
13,13
13,13
13,13
13,13
13,13
13,13
13,13
13,1
13,13
13,13
13,13
13,14
13,13
13,14
13,14
13,13
13,13
14,14
14,14
14,14
14,14
14,14
14,14
14,14
14,14
14,14
14,14
14,14
14,14
14,14
14,14
14,14
14,14
14,14
14,23
14,8
14,14
14,14
14,14
14,14
14,14
14,14
14,14
14,14
14,14
14,14
14,14
14,14
14,14
14,14
14,14
14,14
14,14
14,14
14,14
14,14
14,14
14,14
14,14
14,14
14,14
14,14
14,14
14,14
14,14
14,14
14,14
14,14
14,23
14,13
14,14
14,14
14,14
14,14
14,14
14,1
14,14
14,14
14,14
14,14
14,14
14,14
14,14
14,14
14,8
14,1
14,14
14,14
14,14
14,14
14,14
14,14
14,14
14,14
14,4
14,14
14,14
14,14
14,14
14,1
14,14
14,14
14,14
14,14
14,14
14,13
14,14
14,14
14,14
14,14
14,14
14,14
14,14
14,14
14,14
14,14
14,14
14,14
14,13
14,14
14,14
14,14
14,14
14,14
14,13
14,14
14,14
14,14
14,14
14,14
14,1
14,14
14,13
14,14
14,14
14,8
14,14
14,14
14,14
14,14
14,14
14,14
14,1
14,14
14,8
14,14
14,14
14,18
14,14
14,14
14,14
14,14
14,14
14,14
14,14
14,8
14,14
14,14
14,14
14,1
14,14
14,14
14,17
14,14
14,14
14,14
14,14
14,14
14,14
14,14
14,14
14,14
14,26
14,14
14,14
14,1
14,14
14,14
14,14
14,14
14,14
14,14
14,14
14,14
14,14
14,14
14,14
14,14
14,14
14,14
14,14
14,14
14,14
14,14
14,14
14,14
14,14
14,14
14,14
14,14
14,14
14,14
14,14
14,14
14,14
14,14
14,14
14,14
14,14
14,24
14,14
14,14
14,14
14,14
14,14
14,14
14,22
14,14
14,14
14,13
14,13
14,13
14,14
14,14
14,3
14,8
14,14
14,14
14,14
14,14
14,14
14,14
14,14
14,2
14,14
14,14
14,14
14,14
14,14
14,14
14,14
14,14
14,14
14,14
14,14
14,14
14,14
14,14
14,14
14,13
14,14
14,14
14,14
14,14
14,14
14,14
14,13
14,14
14,14
14,14
14,14
14,14
14,14
14,14
14,14
14,14
14,14
14,14
14,14
14,14
14,14
14,14
14,23
14,14
14,14
14,14
14,20
14,14
14,14
14,14
14,23
14,14
14,14
14,14
14,14
14,14
14,14
14,14
14,24
14,13
14,14
14,14
14,23
14,14
14,14
14,14
14,14
14,14
14,14
14,14
14,14
14,14
14,14
14,14
14,14
14,14
14,14
14,14
14,14
14,14
14,14
14,17
14,14
14,14
14,14
14,14
14,14
14,13
14,14
14,14
14,13
14,23
14,14
14,14
14,14
14,14
14,14
14,14
14,14
14,14
14,13
14,14
14,4
14,14
14,14
14,14
14,14
14,14
14,14
14,14
14,14
14,14
14,14
14,14
14,13
14,14
14,14
14,14
14,14
14,14
14,14
14,14
14,14
14,14
14,14
14,13
14,14
14,14
14,14
14,13
14,14
14,1
14,14
14,14
14,14
14,14
14,14
14,14
14,14
14,14
14,14
14,14
14,14
14,14
14,14
14,14
14,14
14,14
14,14
14,14
14,14
14,14
14,14
14,14
14,14
14,13
14,14
14,14
14,14
14,13
14,14
14,14
14,14
14,14
14,14
14,13
14,14
14,13
14,14
14,14
14,14
14,14
14,14
14,14
14,14
14,14
14,14
14,14
14,14
14,14
14,14
14,14
14,14
14,14
14,14
14,14
14,14
14,14
14,13
14,14
14,14
14,14
14,14
14,14
14,14
14,14
14,14
14,14
14,14
14,14
14,14
14,14
14,14
14,14
14,14
14,14
14,14
14,14
14,14
14,14
14,14
14,14
14,14
14,14
14,14
14,14
14,14
14,14
14,14
14,8
14,13
14,8
14,14
14,14
14,14
14,14
14,14
14,14
14,14
14,14
14,14
14,14
14,14
14,14
14,14
14,14
14,14
14,14
14,14
14,14
14,18
14,17
14,14
14,14
14,14
14,14
14,13
14,14
14,14
14,14
14,8
14,14
14,1
14,14
14,14
14,14
14,14
14,14
14,14
14,14
14,14
14,14
14,14
14,23
14,14
14,14
14,14
14,14
14,14
14,14
14,14
14,14
14,14
14,14
14,14
14,14
14,14
14,14
14,14
14,14
14,14
14,14
14,14
14,14
14,14
14,14
14,14
15,15
15,15
15,15
15,15
15,15
15,15
15,15
15,15
15,15
15,15
15,15
15,15
15,15
15,15
15,15
15,15
15,15
15,15
15,15
15,15
15,15
15,15
15,15
15,15
15,15
15,15
15,15
15,15
15,15
15,15
15,15
15,15
15,15
15,15
15,15
15,15
15,15
15,15
15,15
15,15
15,15
15,15
15,15
15,15
15,15
15,15
15,15
15,15
15,15
15,15
15,15
15,15
15,15
15,15
15,15
15,15
15,15
15,2
15,1
15,15
15,1
15,15
15,15
15,15
15,15
15,15
15,15
15,15
15,15
15,15
15,15
15,15
15,15
15,15
15,15
15,15
15,15
15,15
15,15
15,15
15,15
15,15
15,15
15,15
15,15
15,15
15,15
15,15
15,15
15,15
15,15
15,15
15,15
15,15
15,15
15,15
15,15
15,15
15,15
15,15
15,15
15,15
15,15
15,15
15,15
15,15
15,15
15,15
15,15
15,15
15,15
15,15
15,15
15,15
15,15
15,15
15,15
15,15
15,15
15,15
15,15
15,15
15,15
15,15
15,15
15,15
15,15
15,15
15,15
15,15
15,15
15,8
15,15
15,15
15,15
15,15
15,15
15,15
15,15
15,15
15,15
15,17
15,15
15,15
15,15
15,15
15,15
15,15
15,15
15,15
15,15
15,15
15,15
15,22
15,15
15,15
15,15
15,15
15,15
15,15
15,15
15,15
15,15
15,15
15,15
15,15
15,15
15,15
15,15
15,15
15,15
15,15
15,15
15,15
15,15
15,4
15,15
15,15
15,15
15,15
15,15
15,15
15,15
15,15
15,15
15,15
15,15
15,15
15,15
15,15
15,15
15,15
15,15
15,15
15,15
15,15
15,15
15,15
15,15
15,15
15,15
15,15
15,15
15,15
15,15
15,15
15,15
15,15
15,15
15,15
15,15
15,15
15,15
15,15
15,15
15,17
15,15
15,15
15,15
15,15
15,15
15,15
15,15
15,15
15,9
15,15
15,15
15,15
15,15
15,15
15,4
15,15
15,15
15,15
15,15
15,15
15,15
15,15
15,15
15,15
15,15
15,15
15,15
15,15
15,15
15,15
15,15
15,15
15,15
15,15
15,15
15,15
15,15
15,15
15,15
15,15
15,15
15,15
15,4
15,15
15,1
15,15
15,15
15,15
15,15
15,15
15,15
15,15
15,15
15,15
15,15
15,15
15,15
15,15
15,15
15,15
15,15
15,15
15,15
15,15
15,15
15,15
15,15
15,15
15,15
15,15
15,15
15,15
15,15
15,15
15,15
15,15
15,15
15,15
15,15
15,15
15,15
15,15
15,15
15,15
15,15
15,15
15,17
15,15
15,15
15,15
15,15
15,15
15,15
15,15
15,15
15,15
15,15
15,15
15,4
15,15
15,15
15,15
15,15
15,15
15,15
15,15
15,15
15,15
15,15
15,15
15,15
15,15
15,15
15,15
15,15
15,15
15,15
15,15
15,15
15,15
15,15
15,15
15,15
15,15
15,15
15,15
15,15
15,15
15,15
15,15
15,15
15,15
15,15
15,15
15,15
15,15
15,15
15,15
15,4
15,15
15,15
15,15
15,15
15,15
15,15
15,15
15,15
15,15
15,15
15,14
15,15
15,15
15,15
15,15
15,15
15,15
15,15
15,15
15,2
15,15
15,15
15,15
15,15
15,15
15,15
15,15
15,15
15,15
15,15
15,15
15,15
15,15
15,15
15,8
15,15
15,15
15,15
15,15
15,15
15,15
15,15
15,15
15,15
15,15
15,15
15,15
15,15
15,15
15,15
15,15
15,15
15,15
15,15
15,15
15,15
15,15
15,15
15,15
15,15
15,15
15,15
15,15
15,15
15,15
15,15
15,15
15,17
15,15
15,15
15,15
15,15
15,15
15,15
15,15
15,15
15,15
15,15
15,15
15,16
15,15
15,15
15,15
15,15
15,15
15,15
15,15
15,15
15,15
15,15
15,15
15,15
15,15
15,15
15,15
15,15
15,15
15,15
15,17
15,15
15,15
15,15
15,15
15,15
15,15
15,15
15,15
15,15
15,15
15,15
15,15
15,15
15,15
15,15
15,15
15,15
15,15
15,15
15,15
15,15
15,15
15,15
15,15
15,15
15,15
15,15
15,15
15,15
15,15
15,15
15,15
15,15
15,15
15,15
15,15
15,15
15,15
15,17
15,15
15,15
15,15
15,15
15,15
15,15
15,15
16,16
16,16
16,16
16,16
16,16
16,16
16,16
16,16
16,16
16,16
16,16
16,16
16,16
16,16
16,16
16,16
16,16
16,16
16,16
16,16
16,16
16,16
16,16
16,16
16,16
16,16
16,16
16,16
16,16
16,18
16,16
16,16
16,20
16,16
16,16
16,25
16,16
16,16
16,16
16,16
16,16
16,16
16,16
16,16
16,16
16,16
16,16
16,4
16,16
16,16
16,16
16,16
16,5
16,16
16,16
16,4
16,16
16,16
16,16
16,16
16,16
16,16
16,16
16,16
16,16
16,16
16,16
16,16
16,16
16,16
16,16
16,16
16,16
16,16
16,16
16,16
16,16
16,15
16,16
16,16
16,16
16,16
16,16
16,16
16,16
16,16
16,16
16,16
16,16
16,16
16,16
16,16
16,16
16,16
16,16
16,16
16,16
16,9
16,16
16,16
16,16
16,16
16,16
16,16
16,16
16,16
16,16
16,16
16,16
16,16
16,16
16,4
16,16
16,16
16,16
16,16
16,16
16,16
16,16
16,16
16,16
16,16
16,16
16,16
16,16
16,16
16,16
16,16
16,15
16,16
16,16
16,16
16,16
16,16
16,16
16,16
16,16
16,16
16,16
16,18
16,16
16,16
16,16
16,16
16,16
16,16
16,16
16,16
16,16
16,16
16,16
16,16
16,16
16,16
16,16
16,16
16,3
16,16
16,5
16,16
16,16
16,16
16,4
16,16
16,16
16,16
16,16
16,16
16,16
16,16
16,16
16,16
16,16
16,9
16,16
16,16
16,16
16,16
16,16
16,16
16,16
16,16
16,16
16,16
16,16
16,16
16,16
16,16
16,16
16,4
16,16
16,16
16,16
16,16
16,16
16,16
16,16
16,16
16,16
16,16
16,16
16,15
16,16
16,16
16,16
16,16
16,16
16,16
16,16
16,16
16,16
16,16
16,16
16,16
16,16
16,16
16,16
16,6
16,16
16,16
16,16
16,16
16,16
16,16
16,16
16,16
16,16
16,16
16,17
16,16
16,16
16,16
16,6
16,16
16,16
16,16
16,16
16,16
16,16
16,16
16,6
16,16
16,16
16,16
16,16
16,16
16,25
16,16
16,16
16,1
16,5
16,6
16,16
16,16
16,16
16,16
16,16
16,16
16,16
16,16
16,16
16,16
16,16
16,16
16,16
16,16
16,16
16,16
16,16
16,16
16,16
16,16
16,16
16,16
16,16
16,16
16,16
16,16
16,16
16,16
16,16
16,16
16,16
16,16
16,16
16,16
16,16
16,16
16,16
16,16
16,16
16,16
16,16
16,16
16,16
16,16
16,16
16,16
16,16
16,16
16,16
16,16
16,16
16,2
16,16
16,16
16,16
16,16
16,16
16,16
16,16
16,16
16,16
16,16
16,16
16,16
16,16
16,16
16,16
16,16
16,16
16,16
16,16
16,16
16,16
16,16
16,16
16,16
16,16
16,4
16,16
16,6
16,16
16,16
16,16
16,16
16,16
16,9
16,16
16,16
16,16
16,16
16,16
16,16
16,16
16,16
16,16
16,3
16,16
16,15
16,16
16,16
16,16
16,16
16,16
16,16
16,16
16,16
16,16
16,16
16,16
16,16
16,16
16,16
16,16
16,16
16,16
16,16
16,16
16,16
16,16
16,16
16,1
16,16
16,16
16,16
16,16
16,16
16,16
16,16
16,16
16,16
16,16
16,16
16,16
16,16
16,16
16,16
16,16
16,16
16,16
16,16
16,16
16,16
16,8
16,16
16,16
16,16
16,16
16,6
16,16
16,16
16,16
16,16
16,16
16,16
16,16
16,26
16,16
16,16
16,18
16,16
16,16
16,20
16,16
16,16
16,16
16,16
16,6
16,16
16,4
16,16
16,16
16,16
16,16
16,16
16,16
16,16
16,16
16,16
16,16
16,16
16,16
16,16
16,16
16,16
16,16
16,15
16,16
16,16
16,16
16,16
16,16
16,16
16,16
16,16
16,16
16,16
16,16
16,16
16,16
16,18
16,16
16,16
16,16
16,16
16,16
16,16
16,16
16,16
16,16
16,16
16,16
16,4
16,16
16,16
16,16
16,16
16,16
16,16
16,16
16,16
16,16
16,16
16,16
16,16
16,16
16,12
16,16
16,16
16,16
16,16
16,16
16,16
16,16
16,16
16,16
16,16
16,16
16,25
16,16
16,16
16,16
16,18
16,16
16,16
16,16
16,16
16,16
16,16
17,7
17,17
17,7
17,17
17,17
17,17
17,14
17,7
17,17
17,17
17,7
17,17
17,17
17,17
17,17
17,7
17,16
17,17
17,7
17,1
17,17
17,17
17,17
17,15
17,17
17,1
17,7
17,17
17,17
17,17
17,17
17,17
17,17
17,17
17,17
17,1
17,17
17,7
17,17
17,7
17,17
17,17
17,17
17,17
17,17
17,17
17,17
17,7
17,17
17,17
17,17
17,17
17,17
17,17
17,17
17,17
17,2
17,1
17,17
17,17
17,7
17,17
17,17
17,17
17,17
17,17
17,17
17,17
17,15
17,1
17,17
17,17
17,17
17,17
17,17
17,17
17,17
17,17
17,17
17,17
17,1
17,17
17,17
17,17
17,17
17,20
17,17
17,17
17,17
17,17
17,17
17,17
17,17
17,17
17,17
17,17
17,17
17,17
17,17
17,1
17,15
17,16
17,17
17,7
17,17
17,17
17,17
17,17
17,17
17,17
17,1
17,17
17,17
17,17
17,17
17,17
17,17
17,17
17,7
17,2
17,17
17,5
17,17
17,20
17,17
17,5
17,17
17,17
17,17
17,17
17,17
17,17
17,17
17,17
17,16
17,17
17,17
17,17
17,17
17,17
17,17
17,17
17,17
17,17
17,7
17,17
17,17
17,2
17,7
17,17
17,17
17,17
17,9
17,17
17,17
17,7
17,1
17,17
17,1
17,7
17,1
17,17
17,17
17,7
17,17
17,17
17,18
17,17
17,17
17,17
17,17
17,17
17,17
17,17
17,17
17,17
17,17
17,15
17,17
17,17
17,17
17,14
17,17
17,17
17,17
17,17
17,1
17,17
17,17
17,15
17,17
17,17
17,16
17,7
17,17
17,17
17,1
17,17
17,17
17,17
17,17
17,17
17,17
17,17
17,17
17,17
17,17
17,17
17,9
17,17
17,17
17,17
17,17
17,7
17,1
17,17
17,17
17,7
17,17
17,17
17,17
17,17
17,17
17,17
17,7
17,17
17,17
17,17
17,1
17,17
17,17
17,17
17,17
17,17
17,7
17,17
17,1
17,17
17,17
17,19
17,17
17,15
17,17
17,17
17,7
17,17
17,17
17,17
17,17
17,17
17,17
17,1
17,17
17,17
17,17
17,7
17,2
17,17
17,17
17,7
17,17
17,7
17,17
17,17
17,17
17,1
17,17
17,7
17,17
17,17
17,15
17,17
17,17
17,17
17,17
17,17
17,17
17,17
17,17
17,17
17,17
17,17
17,17
17,7
17,17
17,17
17,17
17,17
17,9
17,17
17,1
17,17
17,17
17,17
17,7
17,7
17,7
17,17
17,7
17,17
17,17
17,17
17,17
17,17
17,17
17,17
17,7
17,1
17,17
17,17
17,17
17,17
17,17
17,17
17,17
17,17
17,7
17,1
17,17
17,17
17,17
17,17
17,17
17,17
17,17
17,17
17,17
17,17
17,17
17,17
17,17
17,17
17,1
17,17
17,1
17,17
17,17
17,17
17,17
17,17
17,17
17,17
17,17
17,17
17,17
17,17
17,17
17,17
17,17
17,17
17,25
17,7
17,17
17,17
17,17
17,17
17,17
17,17
17,17
17,17
17,1
17,17
17,7
17,17
17,17
17,17
17,17
17,17
17,17
17,17
17,17
17,17
17,17
17,17
17,1
17,17
17,7
17,17
17,1
17,17
17,7
17,12
17,17
17,7
17,17
17,17
17,7
17,25
17,17
17,17
17,17
17,15
17,17
17,17
17,17
17,17
17,17
17,17
17,17
17,17
17,17
17,17
17,17
17,20
17,17
17,17
17,17
17,1
17,7
17,17
17,7
17,17
17,17
17,1
17,17
17,17
17,17
17,17
17,17
17,17
17,17
17,17
17,17
17,17
17,17
17,17
17,2
17,17
17,17
17,17
17,9
17,17
17,17
17,15
17,2
17,17
17,17
17,17
17,17
17,17
17,17
17,17
17,17
17,17
17,17
17,9
17,17
17,17
17,17
17,17
17,17
17,17
17,14
17,17
17,17
17,17
17,17
17,17
17,9
17,17
17,17
17,17
17,17
17,17
17,7
17,17
17,17
17,1
17,17
17,17
17,17
17,17
17,16
17,17
17,17
17,17
17,17
17,17
17,17
17,7
17,17
17,17
17,17
17,17
17,17
17,17
17,17
17,17
17,17
17,17
17,17
17,17
17,17
17,17
17,17
17,17
17,1
17,17
17,17
17,17
18,18
18,18
18,18
18,18
18,18
18,18
18,18
18,11
18,17
18,18
18,18
18,18
18,18
18,18
18,18
18,18
18,18
18,18
18,18
18,18
18,11
18,18
18,18
18,18
18,18
18,18
18,18
18,18
18,18
18,18
18,18
18,6
18,3
18,18
18,18
18,18
18,18
18,14
18,18
18,18
18,18
18,18
18,18
18,18
18,18
18,18
18,18
18,18
18,18
18,18
18,18
18,18
18,18
18,18
18,18
18,3
18,18
18,18
18,18
18,18
18,18
18,18
18,18
18,18
18,18
18,18
18,18
18,18
18,18
18,18
18,18
18,18
18,18
18,18
18,18
18,5
18,18
18,5
18,18
18,18
18,18
18,18
18,18
18,18
18,18
18,8
18,18
18,18
18,17
18,18
18,18
18,18
18,18
18,18
18,18
18,18
18,18
18,16
18,18
18,18
18,18
18,18
18,18
18,18
18,18
18,18
18,18
18,18
18,18
18,18
18,18
18,18
18,20
18,14
18,18
18,18
18,18
18,18
18,18
18,18
18,18
18,18
18,18
18,18
18,18
18,18
18,18
18,18
18,18
18,18
18,18
18,18
18,18
18,18
18,16
18,18
18,18
18,18
18,18
18,18
18,18
18,18
18,18
18,18
18,18
18,18
18,18
18,18
18,18
18,18
18,18
18,18
18,18
18,18
18,18
18,18
18,18
18,11
18,18
18,18
18,18
18,18
18,18
18,18
18,18
18,18
18,18
18,18
18,18
18,18
18,5
18,18
18,18
18,18
18,18
18,18
18,18
18,18
18,16
18,18
18,18
18,18
18,18
18,16
18,18
18,18
18,18
18,18
18,18
18,18
18,18
18,18
18,18
18,18
18,18
18,18
18,2
18,18
18,18
18,18
18,18
18,18
18,18
18,18
18,18
18,18
18,18
18,18
18,18
18,18
18,18
18,18
18,18
18,18
18,18
18,18
18,18
18,18
18,18
18,2
18,18
18,18
18,18
18,18
18,1
18,18
18,18
18,18
18,18
18,18
18,18
18,18
18,25
18,18
18,20
18,18
18,18
18,18
18,18
18,11
18,18
18,18
18,18
18,18
18,18
18,18
18,18
18,18
18,25
18,24
18,18
18,18
18,18
18,18
18,18
18,18
18,5
18,18
18,18
18,18
18,18
18,18
18,18
18,18
18,3
18,18
18,18
18,1
18,18
18,6
18,18
18,18
18,18
18,18
18,18
18,18
18,18
18,18
18,18
18,18
18,18
18,18
18,2
18,18
18,18
18,18
18,18
18,18
18,18
18,18
18,18
18,18
18,18
18,18
18,6
18,18
18,18
18,18
18,18
18,18
18,18
18,18
18,25
18,18
18,11
18,18
18,18
18,22
18,18
18,18
18,18
18,18
18,18
18,18
18,18
18,6
18,18
18,18
18,18
18,20
18,18
18,18
18,18
18,18
18,18
18,18
18,18
18,18
18,18
18,18
18,18
18,18
18,18
18,25
18,18
18,18
18,18
18,18
18,18
18,18
18,5
18,18
18,18
18,18
18,18
18,18
18,18
18,18
18,18
18,18
18,18
18,18
18,18
18,18
18,16
18,1
18,20
18,18
18,18
18,6
18,17
18,18
18,18
18,18
18,18
18,18
18,3
18,18
18,10
18,18
18,18
18,18
18,8
18,18
18,6
18,14
18,18
18,18
18,18
18,18
18,18
18,18
18,18
18,20
18,18
18,18
18,18
18,18
18,18
18,3
18,20
18,18
18,18
18,18
18,18
18,18
18,16
18,2
18,18
18,18
18,18
18,18
18,5
18,18
18,18
18,18
18,18
18,18
18,18
18,18
18,18
18,18
18,18
18,18
18,18
18,1
18,18
18,18
18,18
18,18
18,18
18,18
18,18
18,18
18,18
18,16
18,18
18,18
18,18
18,18
18,18
18,18
18,18
18,11
18,18
18,18
18,18
18,18
18,18
18,18
18,18
18,18
18,20
18,18
18,18
18,18
18,18
18,18
18,18
18,16
18,18
18,18
18,3
18,18
18,18
18,18
18,18
18,18
18,18
18,18
18,18
18,8
18,18
18,18
18,18
18,18
18,18
18,18
18,18
18,18
18,18
18,18
18,18
18,18
18,18
18,18
18,18
18,18
18,18
18,18
18,18
18,14
18,18
18,18
18,18
18,18
18,18
18,18
18,18
18,18
18,18
18,18
18,5
18,18
18,18
18,18
18,18
18,18
18,18
18,18
19,19
19,19
19,19
19,19
19,19
19,19
19,19
19,19
19,19
19,19
19,19
19,19
19,19
19,19
19,19
19,19
19,19
19,7
19,19
19,19
19,19
19,6
19,19
19,19
19,19
19,10
19,19
19,19
19,19
19,19
19,19
19,19
19,19
19,19
19,19
19,19
19,19
19,19
19,19
19,19
19,19
19,19
19,19
19,19
19,19
19,19
19,19
19,19
19,19
19,19
19,19
19,6
19,19
19,19
19,19
19,19
19,19
19,19
19,19
19,19
19,19
19,19
19,19
19,19
19,19
19,19
19,19
19,19
19,19
19,19
19,19
19,19
19,19
19,19
19,19
19,19
19,19
19,19
19,19
19,19
19,19
19,19
19,19
19,19
19,19
19,19
19,19
19,19
19,19
19,19
19,19
19,19
19,19
19,19
19,19
19,19
19,19
19,19
19,19
19,19
19,19
19,19
19,19
19,19
19,19
19,19
19,19
19,19
19,19
19,19
19,19
19,19
19,19
19,19
19,19
19,19
19,19
19,19
19,19
19,2
19,19
19,19
19,19
19,19
19,19
19,19
19,19
19,19
19,19
19,19
19,19
19,10
19,19
19,19
19,19
19,19
19,19
19,19
19,19
19,19
19,19
19,19
19,19
19,19
19,19
19,19
19,19
19,19
19,19
19,19
19,19
19,19
19,19
19,19
19,19
19,19
19,19
19,19
19,19
19,1
19,19
19,19
19,19
19,7
19,19
19,19
19,19
19,19
19,19
19,19
19,19
19,19
19,19
19,6
19,19
19,19
19,19
19,19
19,19
19,19
19,19
19,19
19,19
19,19
19,19
19,19
19,19
19,19
19,19
19,19
19,19
19,19
19,19
19,19
19,19
19,19
19,19
19,19
19,19
19,19
19,19
19,7
19,19
19,19
19,19
19,19
19,19
19,19
19,19
19,19
19,19
19,19
19,19
19,19
19,19
19,19
19,19
19,19
19,19
19,19
19,10
19,19
19,19
19,19
19,19
19,19
19,19
19,19
19,19
19,19
19,19
19,19
19,19
19,19
19,19
19,19
19,19
19,5
19,19
19,19
19,19
19,19
19,19
19,19
19,19
19,6
19,19
19,19
19,19
19,19
19,10
19,7
19,19
19,19
19,19
19,19
19,19
19,19
19,19
19,19
19,19
19,19
19,19
19,19
19,19
19,19
19,19
19,19
19,6
19,19
19,19
19,19
19,19
19,19
19,19
19,19
19,19
19,19
19,19
19,19
19,19
19,19
19,19
19,19
19,19
19,19
19,19
19,19
19,19
19,19
19,19
19,19
19,19
19,19
19,19
19,19
19,19
19,19
19,19
19,19
19,19
19,19
19,19
19,19
19,19
19,19
19,19
19,19
19,19
19,19
19,19
19,19
19,7
19,19
19,19
19,19
19,19
19,19
19,19
19,19
19,19
19,19
19,10
19,19
19,19
19,10
19,19
19,19
19,19
19,19
19,19
19,19
19,19
19,19
19,19
19,19
19,19
19,19
19,19
19,19
19,19
19,19
19,19
19,19
19,19
19,2
19,19
19,19
19,19
19,19
19,19
19,19
19,19
19,10
19,19
19,19
19,19
19,19
19,19
19,19
19,19
19,19
19,19
19,19
19,19
19,19
19,19
19,19
19,19
19,19
19,19
19,19
19,2
19,19
19,19
19,19
19,19
19,19
19,19
19,19
19,19
19,19
19,19
19,19
19,19
19,19
19,19
19,19
19,19
19,7
19,19
19,19
19,19
19,7
19,19
19,19
19,19
19,19
19,19
19,19
19,19
19,19
19,19
19,19
19,19
19,19
19,19
19,7
19,19
19,19
19,19
19,19
19,19
19,19
19,19
19,19
19,19
19,19
19,19
19,19
19,19
19,19
19,19
19,19
19,19
19,19
19,19
19,19
19,19
19,19
19,19
19,19
19,19
19,19
19,19
19,19
19,19
19,19
19,19
19,19
19,19
19,6
19,19
19,19
19,19
19,19
19,19
19,19
19,19
19,19
19,19
19,19
19,19
19,19
19,19
19,2
19,19
19,19
19,19
19,19
19,19
19,19
19,19
19,19
19,19
19,19
19,19
19,6
19,19
19,7
19,19
19,19
19,19
19,19
19,19
19,19
19,19
19,19
19,19
19,19
19,19
19,19
19,19
19,19
19,19
19,19
19,19
19,19
19,19
19,19
19,19
19,19
19,19
19,19
19,19
19,19
19,10
19,19
19,19
19,19
20,20
20,20
20,20
20,20
20,20
20,20
20,20
20,20
20,20
20,20
20,20
20,7
20,20
20,9
20,20
20,20
20,20
20,20
20,20
20,20
20,6
20,20
20,20
20,20
20,20
20,20
20,20
20,20
20,20
20,4
20,26
20,6
20,20
20,20
20,20
20,20
20,20
20,20
20,20
20,20
20,20
20,20
20,20
20,12
20,20
20,20
20,20
20,20
20,20
20,20
20,20
20,20
20,20
20,20
20,20
20,20
20,20
20,20
20,20
20,20
20,20
20,20
20,20
20,9
20,20
20,20
20,7
20,6
20,20
20,26
20,20
20,20
20,20
20,20
20,20
20,20
20,20
20,20
20,20
20,20
20,20
20,20
20,20
20,20
20,20
20,20
20,20
20,20
20,20
20,20
20,20
20,20
20,20
20,9
20,20
20,20
20,20
20,20
20,20
20,20
20,20
20,20
20,20
20,20
20,20
20,20
20,20
20,20
20,20
20,20
20,20
20,20
20,20
20,20
20,20
20,20
20,20
20,20
20,20
20,20
20,20
20,20
20,20
20,18
20,20
20,20
20,20
20,20
20,20
20,20
20,20
20,20
20,20
20,5
20,20
20,20
20,20
20,20
20,20
20,20
20,20
20,20
20,20
20,20
20,20
20,20
20,20
20,20
20,20
20,20
20,20
20,20
20,20
20,20
20,20
20,20
20,20
20,20
20,20
20,20
20,20
20,20
20,20
20,20
20,20
20,20
20,20
20,20
20,20
20,20
20,20
20,20
20,20
20,20
20,20
20,20
20,20
20,20
20,20
20,20
20,20
20,20
20,20
20,20
20,20
20,20
20,20
20,20
20,20
20,20
20,20
20,20
20,20
20,20
20,20
20,20
20,20
20,20
20,24
20,20
20,20
20,20
20,20
20,26
20,20
20,20
20,20
20,20
20,20
20,20
20,20
20,20
20,20
20,20
20,20
20,20
20,20
20,20
20,6
20,12
20,20
20,20
20,20
20,20
20,20
20,20
20,20
20,20
20,20
20,20
20,20
20,20
20,12
20,20
20,20
20,5
20,20
20,20
20,20
20,20
20,6
20,20
20,18
20,20
20,20
20,20
20,20
20,20
20,20
20,20
20,20
20,20
20,20
20,20
20,20
20,20
20,20
20,20
20,20
20,20
20,20
20,20
20,20
20,20
20,20
20,14
20,2
20,20
20,20
20,20
20,12
20,20
20,20
20,25
20,20
20,20
20,20
20,8
20,20
20,20
20,6
20,20
20,20
20,20
20,20
20,20
20,20
20,20
20,20
20,20
20,20
20,20
20,6
20,20
20,20
20,20
20,20
20,20
20,20
20,20
20,20
20,20
20,20
20,20
20,20
20,20
20,20
20,20
20,20
20,20
20,18
20,20
20,20
20,20
20,20
20,20
20,20
20,20
20,20
20,20
20,20
20,20
20,20
20,20
20,20
20,20
20,20
20,20
20,20
20,1
20,20
20,23
20,20
20,20
20,20
20,20
20,6
20,20
20,20
20,6
20,20
20,20
20,20
20,20
20,20
20,20
20,20
20,20
20,20
20,20
20,20
20,20
20,20
20,20
20,20
20,20
20,20
20,20
20,20
20,20
20,20
20,20
20,20
20,20
20,20
20,20
20,20
20,20
20,4
20,20
20,20
20,20
20,20
20,20
20,20
20,20
20,20
20,20
20,20
20,20
20,20
20,20
20,20
20,20
20,20
20,11
20,20
20,20
20,6
20,20
20,20
20,20
20,20
20,20
20,20
20,20
20,20
20,20
20,20
20,20
20,20
20,20
20,20
20,20
20,9
20,20
20,20
20,6
20,20
20,6
20,20
20,20
20,20
20,20
20,20
20,20
20,20
20,20
20,20
20,20
20,20
20,20
20,20
20,4
20,20
20,20
20,6
20,20
20,20
20,20
20,20
20,20
20,20
20,20
20,20
20,20
20,20
20,20
20,20
20,6
20,20
20,20
20,20
20,20
20,6
20,4
20,20
20,20
20,20
20,20
20,5
20,6
20,20
20,20
20,20
20,20
20,20
20,23
20,20
20,20
20,20
20,20
20,20
20,20
20,20
20,20
20,20
20,20
20,20
20,20
20,20
20,20
20,20
20,20
20,20
20,20
20,20
20,20
20,20
20,20
20,6
20,20
20,20
20,20
20,20
20,4
20,20
20,20
20,16
20,20
20,6
20,20
20,20
20,7
20,20
20,20
20,20
20,20
20,20
20,20
21,21
21,21
21,21
21,23
21,9
21,21
21,21
21,21
21,21
21,21
21,22
21,21
21,21
21,21
21,21
21,21
21,21
21,21
21,21
21,21
21,21
21,21
21,21
21,21
21,21
21,21
21,21
21,21
21,21
21,21
21,21
21,21
21,21
21,21
21,21
21,21
21,21
21,21
21,21
21,21
21,21
21,21
21,21
21,23
21,21
21,21
21,21
21,21
21,21
21,21
21,21
21,21
21,21
21,21
21,21
21,21
21,21
21,21
21,21
21,22
21,21
21,21
21,21
21,21
21,21
21,21
21,21
21,21
21,21
21,23
21,21
21,21
21,21
21,21
21,21
21,21
21,21
21,21
21,23
21,21
21,21
21,21
21,23
21,21
21,21
21,21
21,21
21,21
21,19
21,21
21,21
21,21
21,21
21,21
21,21
21,21
21,21
21,21
21,21
21,21
21,21
21,21
21,21
21,21
21,21
21,21
21,21
21,21
21,21
21,21
21,21
21,21
21,21
21,21
21,21
21,21
21,21
21,21
21,21
21,21
21,21
21,21
21,21
21,21
21,21
21,21
21,21
21,21
21,21
21,21
21,21
21,21
21,21
21,21
21,21
21,21
21,21
21,21
21,21
21,21
21,21
21,21
21,21
21,21
21,21
21,21
21,21
21,21
21,21
21,21
21,21
21,21
21,23
21,21
21,21
21,22
21,21
21,1
21,21
21,21
21,21
21,21
21,21
21,21
21,21
21,21
21,21
21,21
21,21
21,21
21,21
21,21
21,21
21,21
21,21
21,21
21,21
21,21
21,21
21,21
21,22
21,21
21,21
21,21
21,21
21,21
21,21
21,21
21,21
21,21
21,22
21,21
21,21
21,21
21,21
21,21
21,21
21,21
21,21
21,21
21,21
21,21
21,23
21,21
21,21
21,11
21,21
21,21
21,21
21,22
21,21
21,21
21,21
21,21
21,21
21,21
21,21
21,21
21,21
21,21
21,21
21,21
21,21
21,21
21,22
21,21
21,23
21,21
21,21
21,21
21,21
21,21
21,21
21,21
21,21
21,21
21,21
21,21
21,21
21,21
21,21
21,21
21,21
21,22
21,21
21,21
21,21
21,21
21,21
21,21
21,21
21,23
21,21
21,21
21,21
21,21
21,21
21,21
21,21
21,21
21,21
21,21
21,21
21,21
21,21
21,21
21,21
21,21
21,21
21,21
21,21
21,21
21,21
21,21
21,23
21,21
21,21
21,22
21,21
21,21
21,21
21,21
21,21
21,21
21,12
21,21
21,21
21,21
21,21
21,21
21,21
21,21
21,21
21,21
21,21
21,21
21,21
21,21
21,21
21,21
21,21
21,21
21,21
21,21
21,21
21,21
21,21
21,21
21,21
21,21
21,21
21,21
21,21
21,21
21,21
21,21
21,21
21,23
21,21
21,21
21,21
21,21
21,21
21,21
21,21
21,21
21,21
21,21
21,21
21,21
21,5
21,21
21,26
21,21
21,21
21,21
21,23
21,21
21,21
21,21
21,22
21,23
21,21
21,22
21,21
21,21
21,22
21,21
21,21
21,21
21,21
21,21
21,21
21,21
21,21
21,21
21,21
21,21
21,21
21,21
21,21
21,21
21,21
21,21
21,21
21,21
21,21
21,21
21,21
21,21
21,21
21,21
21,21
21,21
21,21
21,21
21,21
21,21
21,21
21,21
21,21
21,21
21,21
21,21
21,23
21,21
21,21
21,21
21,21
21,23
21,21
21,21
21,21
21,21
21,21
21,21
21,21
21,21
21,21
21,21
21,21
21,21
21,21
21,21
21,21
21,21
21,21
21,21
21,21
21,21
21,21
21,21
21,21
21,21
21,21
21,21
21,23
21,21
21,21
21,21
21,21
21,21
21,21
21,22
21,21
21,21
21,21
21,21
21,21
21,21
21,21
21,21
21,21
21,21
21,21
21,21
21,21
21,17
21,21
21,21
21,21
21,21
21,21
21,21
21,21
21,21
21,21
21,21
21,21
21,21
21,21
21,21
21,21
21,21
21,21
21,21
21,23
21,21
21,21
21,21
21,21
21,21
21,21
21,21
21,21
21,21
21,21
21,21
21,21
21,21
21,21
21,21
21,21
21,21
21,21
21,21
21,21
21,21
21,21
21,22
21,21
21,21
21,21
21,21
21,21
21,21
21,21
21,21
21,21
21,21
21,21
21,21
21,22
21,21
21,23
21,21
21,21
21,21
21,21
21,21
22,22
22,22
22,22
22,22
22,22
22,22
22,22
22,22
22,22
22,22
22,21
22,22
22,22
22,22
22,22
22,22
22,22
22,22
22,22
22,22
22,22
22,22
22,22
22,22
22,22
22,22
22,22
22,22
22,22
22,22
22,22
22,22
22,22
22,22
22,22
22,22
22,22
22,22
22,22
22,22
22,22
22,22
22,22
22,22
22,22
22,22
22,22
22,22
22,25
22,22
22,22
22,22
22,22
22,22
22,21
22,22
22,22
22,22
22,22
22,22
22,22
22,22
22,22
22,22
22,22
22,22
22,23
22,25
22,22
22,22
22,22
22,22
22,22
22,22
22,21
22,22
22,22
22,22
22,21
22,22
22,21
22,22
22,22
22,22
22,22
22,22
22,22
22,22
22,22
22,25
22,22
22,22
22,22
22,22
22,22
22,22
22,22
22,22
22,22
22,23
22,13
22,22
22,22
22,22
22,22
22,22
22,22
22,22
22,22
22,21
22,22
22,18
22,22
22,22
22,22
22,22
22,22
22,22
22,22
22,22
22,10
22,22
22,22
22,22
22,22
22,16
22,22
22,22
22,22
22,22
22,22
22,22
22,4
22,22
22,22
22,22
22,22
22,22
22,18
22,22
22,22
22,22
22,22
22,22
22,22
22,22
22,22
22,22
22,22
22,22
22,22
22,22
22,22
22,25
22,22
22,22
22,22
22,22
22,22
22,22
22,22
22,22
22,22
22,22
22,22
22,22
22,22
22,22
22,22
22,22
22,22
22,22
22,22
22,18
22,22
22,22
22,21
22,22
22,22
22,22
22,22
22,22
22,22
22,22
22,22
22,22
22,22
22,22
22,22
22,22
22,22
22,7
22,22
22,22
22,9
22,18
22,22
22,22
22,22
22,22
22,18
22,22
22,22
22,22
22,22
22,22
22,22
22,22
22,22
22,22
22,21
22,22
22,22
22,22
22,22
22,22
22,22
22,22
22,22
22,22
22,22
22,22
22,22
22,22
22,22
22,22
22,22
22,22
22,22
22,21
22,22
22,10
22,22
22,22
22,22
22,22
22,22
22,22
22,22
22,22
22,22
22,22
22,22
22,22
22,22
22,22
22,22
22,22
22,21
22,22
22,25
22,22
22,22
22,22
22,22
22,22
22,22
22,22
22,22
22,22
22,22
22,22
22,22
22,22
22,21
22,22
22,18
22,22
22,22
22,22
22,22
22,22
22,22
22,22
22,22
22,22
22,22
22,22
22,22
22,22
22,22
22,22
22,22
22,22
22,22
22,22
22,22
22,22
22,22
22,22
22,25
22,22
22,22
22,22
22,22
22,22
22,22
22,22
22,22
22,14
22,22
22,22
22,22
22,16
22,21
22,22
22,22
22,22
22,22
22,22
22,25
22,22
22,22
22,22
22,22
22,22
22,22
22,22
22,22
22,25
22,22
22,22
22,22
22,22
22,22
22,21
22,22
22,22
22,22
22,22
22,22
22,22
22,22
22,22
22,22
22,13
22,22
22,22
22,22
22,22
22,22
22,22
22,22
22,22
22,22
22,22
22,22
22,22
22,22
22,22
22,22
22,22
22,22
22,22
22,22
22,22
22,22
22,21
22,22
22,22
22,22
22,22
22,22
22,22
22,22
22,21
22,22
22,22
22,21
22,22
22,22
22,25
22,22
22,22
22,22
22,22
22,22
22,22
22,22
22,22
22,22
22,22
22,22
22,22
22,22
22,22
22,22
22,21
22,22
22,22
22,22
22,21
22,22
22,22
22,22
22,22
22,22
22,22
22,22
22,22
22,22
22,22
22,22
22,22
22,22
22,22
22,22
22,22
22,22
22,22
22,22
22,22
22,22
22,22
22,22
22,22
22,22
22,18
22,22
22,22
22,22
22,22
22,22
22,22
22,22
22,22
22,22
22,22
22,22
22,22
22,22
22,22
22,22
22,22
22,22
22,21
22,21
22,22
22,22
22,22
22,22
22,22
22,22
22,22
22,22
22,22
22,21
22,22
22,22
22,22
22,22
22,22
22,22
22,22
22,22
22,22
22,22
22,22
22,22
22,22
22,22
22,22
22,22
22,22
22,22
22,22
22,22
22,22
22,22
22,22
22,22
22,22
22,22
22,25
22,20
22,22
22,22
22,22
22,21
22,22
22,22
22,22
22,22
22,22
22,22
22,22
22,22
22,22
22,22
22,21
22,22
22,22
22,22
22,22
22,22
22,22
22,22
22,22
22,22
22,22
23,23
23,23
23,23
23,23
23,23
23,23
23,23
23,23
23,23
23,23
23,23
23,23
23,23
23,23
23,23
23,23
23,23
23,23
23,23
23,23
23,23
23,23
23,14
23,23
23,23
23,23
23,23
23,23
23,23
23,23
23,23
23,23
23,23
23,23
23,21
23,23
23,23
23,21
23,23
23,23
23,14
23,23
23,23
23,14
23,23
23,21
23,23
23,23
23,23
23,23
23,23
23,23
23,23
23,23
23,23
23,23
23,23
23,23
23,23
23,23
23,23
23,23
23,23
23,21
23,23
23,23
23,23
23,21
23,23
23,23
23,23
23,23
23,23
23,23
23,23
23,23
23,23
23,23
23,4
23,23
23,23
23,23
23,23
23,23
23,23
23,23
23,23
23,23
23,23
23,23
23,23
23,23
23,21
23,23
23,23
23,23
23,23
23,23
23,23
23,23
23,12
23,23
23,23
23,23
23,21
23,23
23,23
23,23
23,23
23,23
23,23
23,23
23,23
23,23
23,23
23,23
23,23
23,23
23,23
23,23
23,23
23,23
23,23
23,23
23,23
23,23
23,23
23,23
23,23
23,23
23,23
23,23
23,23
23,23
23,23
23,23
23,23
23,23
23,23
23,23
23,23
23,23
23,23
23,23
23,23
23,21
23,23
23,23
23,23
23,23
23,14
23,23
23,23
23,23
23,23
23,23
23,14
23,22
23,23
23,23
23,23
23,23
23,23
23,23
23,23
23,23
23,21
23,23
23,22
23,23
23,23
23,23
23,23
23,23
23,23
23,23
23,23
23,23
23,23
23,23
23,23
23,23
23,23
23,13
23,14
23,23
23,23
23,13
23,23
23,23
23,23
23,23
23,23
23,23
23,23
23,23
23,23
23,23
23,23
23,23
23,23
23,23
23,23
23,23
23,15
23,23
23,23
23,23
23,23
23,23
23,23
23,23
23,23
23,23
23,23
23,23
23,23
23,22
23,23
23,23
23,23
23,23
23,23
23,23
23,23
23,23
23,23
23,23
23,23
23,23
23,23
23,23
23,23
23,23
23,23
23,23
23,14
23,23
23,23
23,23
23,23
23,23
23,23
23,26
23,23
23,23
23,23
23,23
23,21
23,23
23,23
23,23
23,23
23,23
23,23
23,23
23,21
23,23
23,23
23,23
23,23
23,23
23,23
23,23
23,23
23,23
23,14
23,23
23,23
23,23
23,23
23,23
23,23
23,23
23,23
23,23
23,23
23,23
23,23
23,23
23,23
23,14
23,23
23,23
23,23
23,21
23,23
23,23
23,23
23,23
23,23
23,23
23,23
23,23
23,23
23,23
23,23
23,23
23,23
23,23
23,23
23,23
23,23
23,23
23,19
23,23
23,23
23,23
23,14
23,23
23,23
23,23
23,22
23,23
23,21
23,23
23,23
23,23
23,23
23,23
23,23
23,23
23,14
23,23
23,23
23,23
23,23
23,23
23,23
23,23
23,23
23,23
23,23
23,23
23,23
23,23
23,23
23,23
23,23
23,14
23,23
23,13
23,23
23,23
23,23
23,23
23,23
23,23
23,23
23,23
23,21
23,23
23,23
23,23
23,23
23,14
23,23
23,23
23,23
23,23
23,21
23,14
23,23
23,23
23,23
23,23
23,23
23,23
23,23
23,23
23,23
23,23
23,23
23,23
23,23
23,23
23,21
23,23
23,23
23,23
23,23
23,23
23,23
23,23
23,23
23,23
23,23
23,23
23,23
23,14
23,23
23,23
23,23
23,23
23,23
23,23
23,23
23,23
23,21
23,23
23,23
23,23
23,14
23,23
23,23
23,22
23,23
23,23
23,23
23,23
23,23
23,23
23,23
23,23
23,23
23,23
23,23
23,14
23,23
23,23
23,23
23,4
23,23
23,23
23,23
23,23
23,23
23,23
23,23
23,23
23,14
23,23
23,14
23,23
23,23
23,23
23,23
23,23
23,23
23,23
23,23
23,23
23,23
23,23
23,23
23,23
23,23
23,23
23,23
23,21
23,23
23,23
23,23
23,23
23,23
23,23
23,23
23,23
23,23
23,23
23,23
23,23
23,23
23,23
23,23
23,13
23,23
23,21
23,23
23,23
23,23
23,23
23,23
23,23
23,23
23,23
23,23
23,23
23,23
23,23
23,23
23,23
23,23
23,23
23,23
23,23
23,23
23,14
23,23
23,23
23,23
23,22
23,23
23,23
23,23
23,1
23,23
23,23
23,23
23,23
24,24
24,24
24,20
24,24
24,24
24,24
24,24
24,24
24,24
24,24
24,24
24,24
24,24
24,24
24,9
24,24
24,24
24,24
24,24
24,24
24,24
24,24
24,24
24,24
24,24
24,24
24,24
24,24
24,24
24,24
24,24
24,24
24,24
24,24
24,24
24,24
24,1
24,24
24,26
24,24
24,24
24,24
24,24
24,24
24,25
24,24
24,24
24,24
24,24
24,24
24,24
24,24
24,24
24,24
24,24
24,24
24,24
24,24
24,24
24,24
24,24
24,24
24,24
24,24
24,24
24,11
24,24
24,24
24,24
24,24
24,24
24,24
24,24
24,24
24,24
24,24
24,24
24,24
24,24
24,24
24,24
24,24
24,24
24,24
24,24
24,24
24,24
24,24
24,24
24,24
24,20
24,24
24,24
24,24
24,24
24,24
24,7
24,24
24,24
24,24
24,24
24,24
24,24
24,24
24,24
24,24
24,24
24,24
24,24
24,24
24,24
24,1
24,24
24,24
24,24
24,24
24,24
24,24
24,24
24,24
24,24
24,24
24,24
24,24
24,24
24,24
24,24
24,24
24,24
24,24
24,24
24,24
24,24
24,24
24,24
24,24
24,24
24,24
24,10
24,24
24,24
24,24
24,24
24,24
24,24
24,24
24,24
24,24
24,24
24,24
24,24
24,24
24,24
24,24
24,24
24,24
24,24
24,24
24,24
24,24
24,25
24,24
24,25
24,24
24,24
24,24
24,24
24,24
24,24
24,24
24,24
24,24
24,24
24,24
24,24
24,24
24,24
24,24
24,24
24,24
24,24
24,24
24,24
24,11
24,24
24,24
24,24
24,24
24,24
24,24
24,24
24,24
24,24
24,24
24,24
24,24
24,24
24,24
24,24
24,24
24,24
24,24
24,24
24,24
24,24
24,25
24,24
24,24
24,24
24,24
24,24
24,24
24,24
24,24
24,24
24,24
24,24
24,24
24,20
24,24
24,24
24,24
24,24
24,24
24,24
24,24
24,24
24,24
24,24
24,24
24,24
24,24
24,24
24,24
24,25
24,24
24,24
24,24
24,24
24,24
24,24
24,24
24,24
24,24
24,24
24,24
24,24
24,24
24,24
24,20
24,24
24,14
24,2
24,14
24,24
24,24
24,24
24,24
24,24
24,24
24,24
24,24
24,24
24,24
24,24
24,24
24,24
24,24
24,24
24,24
24,24
24,24
24,24
24,24
24,24
24,24
24,24
24,24
24,24
24,24
24,24
24,24
24,24
24,24
24,24
24,24
24,24
24,24
24,24
24,24
24,24
24,24
24,24
24,24
24,24
24,24
24,24
24,24
24,24
24,24
24,24
24,24
24,24
24,16
24,11
24,24
24,24
24,24
24,24
24,24
24,24
24,24
24,24
24,24
24,24
24,24
24,1
24,24
24,24
24,24
24,24
24,24
24,24
24,24
24,24
24,24
24,24
24,26
24,24
24,24
24,24
24,24
24,24
24,24
24,24
24,24
24,24
24,24
24,24
24,24
24,24
24,24
24,24
24,24
24,24
24,24
24,11
24,24
24,24
24,24
24,11
24,24
24,24
24,24
24,24
24,24
24,24
24,24
24,24
24,24
24,24
24,24
24,24
24,24
24,24
24,24
24,24
24,24
24,24
24,24
24,24
24,24
24,24
24,24
24,24
24,24
24,24
24,24
24,24
24,24
24,24
24,24
24,24
24,24
24,24
24,24
24,24
24,24
24,25
24,24
24,24
24,24
24,24
24,24
24,24
24,24
24,24
24,24
24,24
24,24
24,20
24,26
24,24
24,24
24,24
24,24
24,24
24,24
24,24
24,24
24,24
24,24
24,24
24,24
24,24
24,24
24,24
24,24
24,24
24,24
24,24
24,24
24,24
24,24
24,24
24,24
24,24
24,24
24,24
24,24
24,24
24,24
24,24
24,24
24,24
24,24
24,24
24,24
24,25
24,24
24,24
24,24
24,24
24,24
24,24
24,24
24,24
24,24
24,24
24,24
24,24
24,24
24,24
24,24
24,24
24,24
24,24
24,24
24,24
24,24
24,24
24,24
24,24
24,24
24,24
24,24
24,24
24,24
24,24
24,24
24,24
24,24
24,24
24,24
24,24
24,24
24,24
24,24
24,24
24,24
24,24
24,24
24,24
24,24
24,24
24,24
24,24
24,24
24,24
24,24
24,24
24,22
24,24
24,24
24,24
24,24
24,24
24,24
24,13
24,24
25,25
25,17
25,25
25,25
25,25
25,25
25,22
25,25
25,25
25,25
25,25
25,25
25,25
25,25
25,25
25,25
25,25
25,25
25,25
25,25
25,25
25,25
25,25
25,25
25,25
25,25
25,25
25,25
25,25
25,25
25,24
25,25
25,25
25,25
25,25
25,25
25,21
25,22
25,25
25,25
25,25
25,25
25,18
25,25
25,25
25,25
25,25
25,25
25,25
25,18
25,12
25,25
25,25
25,25
25,25
25,25
25,25
25,25
25,25
25,25
25,22
25,25
25,25
25,25
25,25
25,7
25,25
25,25
25,11
25,25
25,25
25,25
25,25
25,25
25,25
25,25
25,25
25,25
25,25
25,25
25,22
25,25
25,25
25,25
25,25
25,25
25,25
25,25
25,22
25,20
25,25
25,25
25,25
25,25
25,25
25,25
25,7
25,25
25,25
25,25
25,25
25,25
25,25
25,25
25,25
25,25
25,22
25,25
25,25
25,25
25,25
25,25
25,25
25,25
25,25
25,25
25,25
25,25
25,25
25,25
25,25
25,25
25,25
25,25
25,25
25,1
25,25
25,25
25,25
25,25
25,25
25,25
25,25
25,25
25,25
25,25
25,22
25,25
25,22
25,25
25,25
25,25
25,25
25,25
25,25
25,25
25,25
25,1
25,25
25,25
25,25
25,25
25,25
25,25
25,25
25,25
25,25
25,25
25,7
25,25
25,25
25,25
25,25
25,25
25,25
25,25
25,25
25,25
25,25
25,25
25,22
25,22
25,25
25,25
25,25
25,25
25,25
25,25
25,25
25,24
25,25
25,25
25,25
25,22
25,25
25,25
25,25
25,25
25,25
25,25
25,25
25,22
25,25
25,25
25,25
25,25
25,25
25,25
25,25
25,25
25,25
25,13
25,25
25,25
25,25
25,25
25,25
25,25
25,25
25,25
25,25
25,25
25,25
25,25
25,25
25,22
25,25
25,25
25,25
25,25
25,25
25,25
25,25
25,25
25,25
25,25
25,25
25,25
25,25
25,25
25,21
25,25
25,25
25,25
25,25
25,25
25,25
25,25
25,25
25,25
25,25
25,25
25,25
25,25
25,25
25,25
25,25
25,25
25,25
25,25
25,25
25,25
25,25
25,25
25,25
25,25
25,25
25,25
25,25
25,25
25,25
25,25
25,25
25,25
25,25
25,18
25,25
25,22
25,25
25,25
25,22
25,25
25,25
25,25
25,25
25,25
25,8
25,25
25,25
25,25
25,10
25,25
25,25
25,25
25,25
25,25
25,25
25,25
25,25
25,25
25,25
25,25
25,25
25,25
25,25
25,25
25,25
25,25
25,25
25,8
25,25
25,25
25,25
25,17
25,25
25,25
25,25
25,25
25,25
25,25
25,25
25,25
25,25
25,25
25,25
25,25
25,25
25,25
25,25
25,25
25,25
25,25
25,25
25,18
25,25
25,25
25,25
25,25
25,25
25,25
25,25
25,25
25,25
25,25
25,25
25,25
25,25
25,25
25,25
25,25
25,25
25,25
25,16
25,25
25,25
25,25
25,25
25,25
25,25
25,25
25,17
25,25
25,25
25,25
25,25
25,25
25,25
25,25
25,25
25,25
25,25
25,25
25,25
25,25
25,25
25,25
25,25
25,22
25,25
25,25
25,25
25,25
25,25
25,25
25,25
25,22
25,25
25,25
25,25
25,25
25,25
25,25
25,25
25,25
25,25
25,25
25,25
25,17
25,21
25,11
25,25
25,25
25,25
25,25
25,25
25,25
25,25
25,25
25,25
25,22
25,25
25,25
25,25
25,25
25,20
25,25
25,25
25,25
25,25
25,25
25,25
25,25
25,25
25,25
25,25
25,25
25,25
25,25
25,25
25,25
25,7
25,25
25,25
25,25
25,25
25,25
25,25
25,25
25,25
25,22
25,25
25,11
25,25
25,17
25,25
25,25
25,25
25,25
25,25
25,25
25,25
25,25
25,25
25,25
25,25
25,22
25,25
25,25
25,25
25,25
25,25
25,25
25,21
25,25
25,9
25,25
25,25
25,7
25,25
25,25
25,25
25,25
25,25
25,25
25,25
25,25
25,25
25,25
25,25
25,22
25,25
25,25
25,25
25,25
25,22
25,25
25,25
25,25
25,25
25,25
25,25
25,25
25,25
25,25
25,25
25,25
25,25
25,25
25,25
25,25
25,25
25,25
25,25
25,25
25,25
25,25
25,25
25,25
25,25
25,25
26,2
26,26
26,26
26,26
26,26
26,26
26,26
26,26
26,26
26,26
26,26
26,26
26,26
26,26
26,5
26,26
26,26
26,26
26,26
26,26
26,26
26,7
26,26
26,26
26,26
26,26
26,26
26,26
26,26
26,26
26,26
26,26
26,26
26,26
26,26
26,26
26,26
26,26
26,26
26,26
26,26
26,26
26,26
26,26
26,26
26,26
26,26
26,26
26,26
26,26
26,26
26,26
26,26
26,26
26,26
26,26
26,26
26,26
26,4
26,26
26,26
26,26
26,26
26,1
26,26
26,26
26,26
26,26
26,26
26,26
26,26
26,26
26,26
26,26
26,26
26,26
26,26
26,4
26,26
26,26
26,26
26,26
26,26
26,26
26,26
26,26
26,26
26,26
26,26
26,26
26,26
26,26
26,3
26,26
26,26
26,26
26,26
26,26
26,26
26,26
26,26
26,26
26,26
26,26
26,26
26,26
26,26
26,26
26,26
26,26
26,26
26,26
26,26
26,26
26,26
26,26
26,26
26,26
26,26
26,26
26,26
26,26
26,26
26,26
26,26
26,26
26,26
26,26
26,26
26,26
26,26
26,26
26,26
26,26
26,26
26,26
26,26
26,26
26,26
26,26
26,26
26,26
26,26
26,26
26,26
26,26
26,26
26,26
26,26
26,26
26,26
26,26
26,26
26,26
26,26
26,26
26,26
26,26
26,26
26,26
26,26
26,26
26,26
26,26
26,26
26,26
26,26
26,26
26,5
26,26
26,26
26,26
26,26
26,26
26,26
26,26
26,26
26,26
26,26
26,26
26,1
26,26
26,26
26,26
26,26
26,26
26,26
26,24
26,26
26,26
26,26
26,26
26,26
26,26
26,26
26,26
26,24
26,26
26,26
26,17
26,26
26,26
26,26
26,26
26,26
26,26
26,26
26,26
26,26
26,26
26,26
26,26
26,26
26,26
26,1
26,26
26,26
26,26
26,26
26,26
26,26
26,20
26,26
26,26
26,26
26,26
26,26
26,26
26,26
26,26
26,26
26,26
26,26
26,26
26,26
26,26
26,26
26,26
26,26
26,26
26,26
26,26
26,26
26,26
26,26
26,26
26,26
26,26
26,26
26,26
26,26
26,26
26,26
26,26
26,5
26,26
26,26
26,26
26,26
26,26
26,7
26,26
26,26
26,26
26,26
26,26
26,26
26,26
26,26
26,26
26,26
26,26
26,26
26,26
26,26
26,26
26,26
26,26
26,26
26,26
26,26
26,26
26,26
26,26
26,26
26,26
26,26
26,26
26,7
26,26
26,26
26,26
26,26
26,26
26,26
26,26
26,26
26,26
26,26
26,26
26,26
26,26
26,5
26,26
26,26
26,26
26,26
26,26
26,26
26,26
26,26
26,26
26,26
26,26
26,26
26,26
26,26
26,26
26,26
26,26
26,26
26,26
26,26
26,26
26,26
26,26
26,26
26,26
26,26
26,26
26,26
26,26
26,26
26,26
26,26
26,1
26,26
26,26
26,26
26,26
26,26
26,26
26,26
26,26
26,26
26,26
26,26
26,26
26,26
26,26
26,26
26,26
26,26
26,26
26,26
26,26
26,26
26,26
26,26
26,26
26,26
26,26
26,26
26,26
26,26
26,26
26,26
26,26
26,26
26,26
26,26
26,26
26,26
26,26
26,26
26,26
26,26
26,26
26,26
26,26
26,26
26,26
26,26
26,26
26,26
26,26
26,26
26,26
26,26
26,18
26,26
26,26
26,26
26,26
26,26
26,26
26,26
26,26
26,26
26,26
26,26
26,26
26,26
26,26
26,26
26,26
26,26
26,26
26,26
26,26
26,26
26,26
26,26
26,26
26,26
26,26
26,26
26,26
26,26
26,26
26,26
26,26
26,26
26,26
26,26
26,26
26,26
26,26
26,26
26,26
26,26
26,26
26,26
26,26
26,26
26,26
26,26
26,26
26,26
26,26
26,26
26,26
26,26
26,26
26,26
26,26
26,26
26,26
26,26
26,26
26,26
26,26
26,26
26,26
26,26
26,26
26,26
26,26
26,26
26,26
26,26
26,26
26,26
26,26
26,26
26,26
26,26
26,26
26,26
26,2
26,26
26,26
26,26
26,26
26,26
26,26
26,26
26,26
26,26
26,26
26,26
26,26
26,26
26,26
26,26
26,26
26,26
26,26
26,26
26,26
26,26
26,26
26,26
26,26
26,26
26,26
26,26
26,26
26,26
26,26
